电影名称,上映时间,评分,评论人数,演员,类型,国家,电影ID
盗梦空间,2010-09-01,9.4,2179097,"莱昂纳多·迪卡普里奥,约瑟夫·高登-莱维特,艾利奥特·佩吉","剧情,科幻,悬疑,冒险","美国,英国",3541415
星际穿越,2014-11-12,9.4,1986684,"马修·麦康纳,安妮·海瑟薇,杰西卡·查斯坦","剧情,科幻,冒险","美国,英国,加拿大",1889243
楚门的世界,1998-06-05,9.4,1842518,"金·凯瑞,劳拉·琳妮,艾德·哈里斯","剧情,科幻",美国,1292064
机器人总动员,2008-06-27,9.3,1388573,"本·贝尔特,艾丽莎·奈特,杰夫·格尔林","科幻,动画,冒险",美国,2131459
蝙蝠侠：黑暗骑士,2008-07-14,9.2,1121733,"克里斯蒂安·贝尔,希斯·莱杰,艾伦·艾克哈特","剧情,动作,科幻,犯罪,惊悚","美国,英国",1851857
黑客帝国,2000-01-14,9.1,884983,"基努·里维斯,劳伦斯·菲什伯恩,凯瑞-安·莫斯","动作,科幻",美国,1291843
红辣椒,2006-09-02,9.1,513390,"林原惠美,江守彻,堀胜之祐","动画,悬疑,科幻,惊悚",日本,1865703
攻壳机动队,1995-11-18,9.1,151497,"田中敦子,大塚明夫,山寺宏一","动作,科幻,动画",日本,1291936
黑镜：圣诞特别篇,2014-12-16,9.1,129167,"乔恩·哈姆,拉菲·斯波,奥娜·卓别林","剧情,科幻,惊悚",英国,25964630
超感猎杀：完结特别篇,2018-06-08,9.2,62980,"裴斗娜,杰米·克莱顿,蒂娜·德赛","剧情,科幻,同性",美国,27040774
蝴蝶效应,2004-01-23,8.9,995417,"阿什顿·库彻,梅洛拉·沃尔特斯,艾米·斯马特","剧情,悬疑,科幻,惊悚","美国,加拿大",1292343
蝙蝠侠：黑暗骑士崛起,2012-08-27,8.9,764591,"克里斯蒂安·贝尔,汤姆·哈迪,安妮·海瑟薇","剧情,动作,科幻,犯罪,惊悚","美国,英国",3395373
2001太空漫游,1968-04-02,8.9,360122,"凯尔·杜拉,加里·洛克伍德,威廉姆·西尔维斯特","科幻,惊悚,冒险","英国,美国",1292226
攻壳机动队2：无罪,2004-03-06,9.1,73255,"田中敦子,大塚明夫,山寺宏一","剧情,科幻,动画",日本,1291566
阿凡达,2010-01-04,8.8,1489408,"萨姆·沃辛顿,佐伊·索尔达娜,西格妮·韦弗","动作,科幻,冒险",美国,1652587
超能陆战队,2015-02-28,8.8,1074948,"斯科特·安第斯,瑞恩·波特,丹尼尔·海尼","喜剧,动作,科幻,动画,冒险",美国,11026735
黑客帝国3：矩阵革命,2003-11-05,8.8,469758,"基努·里维斯,劳伦斯·菲什伯恩,凯瑞-安·莫斯","动作,科幻",美国,1302467
大都会,1927-01-10,9.1,53872,"阿弗莱德·阿贝尔,古斯塔夫·佛力施,鲁道夫·克莱恩-鲁格","剧情,科幻",德国,1298107
终结者2：审判日,1991-07-03,8.8,360183,"阿诺·施瓦辛格,琳达·汉密尔顿,爱德华·福隆","动作,科幻","美国,法国",1291844
千钧一发,1997-10-24,8.8,322394,"伊桑·霍克,乌玛·瑟曼,裘德·洛","剧情,科幻,惊悚",美国,1300117
回到未来,1985-07-03,8.8,228689,"迈克尔·J·福克斯,克里斯托弗·洛伊德,莉·汤普森","喜剧,科幻,冒险",美国,1300555
疯狂的麦克斯4：狂暴之路,2015-05-14,8.7,578625,"汤姆·哈迪,查理兹·塞隆,尼古拉斯·霍尔特","动作,科幻,冒险","澳大利亚,美国",3592854
人工智能,2001-06-29,8.7,472160,"海利·乔·奥斯蒙,弗兰西丝·奥康纳,山姆·洛巴兹","剧情,科幻","美国,英国",1302827
黑客帝国2：重装上阵,2003-07-18,8.7,428201,"基努·里维斯,劳伦斯·菲什伯恩,凯瑞-安·莫斯","动作,科幻",美国,1304141
回忆三部曲,1995-12-23,8.9,68689,"矶部勉,山寺宏一,高岛雅罗","动画,奇幻,科幻,惊悚",日本,1307897
头号玩家,2018-03-30,8.6,1433589,"泰伊·谢里丹,奥利维亚·库克,本·门德尔森","动作,科幻,冒险",美国,4920389
蜘蛛侠：平行宇宙,2018-12-21,8.6,710433,"沙梅克·摩尔,杰克·约翰逊,海莉·斯坦菲尔德","动作,科幻,动画,冒险",美国,26374197
彗星来的那一夜,2013-09-19,8.6,628944,"艾米丽·芭尔多尼,莫瑞·史特林,尼古拉斯·布兰登","科幻,悬疑,惊悚","美国,英国",25807345
蝙蝠侠：侠影之谜,2005-06-29,8.6,432933,"克里斯蒂安·贝尔,迈克尔·凯恩,连姆·尼森","剧情,动作,科幻,犯罪,惊悚","美国,英国",1309069
穿越时空的少女,2006-07-15,8.6,391388,"仲里依纱,石田卓也,板仓光隆","剧情,爱情,科幻,动画",日本,1937946
发条橙,1971-12-19,8.6,386810,"马尔科姆·麦克道威尔,帕特里克·马基,迈克尔·贝茨","犯罪,剧情,科幻","英国,美国",1292233
E.T.外星人,2002-06-20,8.6,340263,"亨利·托马斯,迪·沃伦斯,罗伯特·麦克纳夫顿","剧情,科幻",美国,1294638
银翼杀手,1982-06-25,8.6,280129,"哈里森·福特,鲁格·豪尔,肖恩·杨","科幻,惊悚",美国,1291839
守望者,2009-03-06,8.6,225053,"帕特里克·威尔森,卡拉·古奇诺,比利·克鲁德普","动作,科幻,悬疑",美国,1972698
复仇者联盟4：终局之战,2019-04-24,8.5,1104973,"小罗伯特·唐尼,克里斯·埃文斯,克里斯·海姆斯沃斯","剧情,动作,科幻,奇幻,冒险",美国,26100958
源代码,2011-08-30,8.5,876514,"杰克·吉伦哈尔,维拉·法米加,米歇尔·莫纳汉","科幻,悬疑,惊悚","美国,加拿大",3075287
火星救援,2015-11-25,8.5,778429,"马特·达蒙,杰西卡·查斯坦,克里斯汀·韦格","剧情,科幻,冒险","英国,美国,匈牙利,约旦",25864085
蜘蛛侠：纵横宇宙,2023-06-02,8.5,458917,"沙梅克·摩尔,海莉·斯坦菲尔德,奥斯卡·伊萨克","喜剧,动作,科幻,动画,奇幻,冒险",美国,30391186
变脸,1997-06-27,8.5,391550,"约翰·特拉沃尔塔,尼古拉斯·凯奇,琼·艾伦","动作,科幻,犯罪,惊悚",美国,1292659
这个男人来自地球,2007-11-13,8.5,386195,"大卫·李·史密斯,托尼·托德,约翰·比灵斯列","剧情,科幻",美国,2300586
黑客帝国动画版,2003-06-03,8.8,50165,"大塚明夫,克莱顿·华生,帕梅拉·阿德龙","动作,剧情,动画,科幻","美国,日本",1292347
机器管家,1999-12-13,8.6,110257,"罗宾·威廉姆斯,艾伯丝·戴维兹,山姆·尼尔","剧情,喜剧,科幻","美国,德国",1292529
月球,2009-07-10,8.5,281300,"山姆·洛克威尔,凯文·史派西,多米妮克·麦克艾丽戈特","剧情,科幻,悬疑","英国,美国",3073124
暖暖内含光,2004-03-19,8.5,277230,"金·凯瑞,凯特·温斯莱特,伊利亚·伍德","剧情,爱情,科幻",美国,1308777
回到未来3,1990-05-25,8.6,106214,"迈克尔·J·福克斯,克里斯托弗·洛伊德,玛丽·斯汀伯根","喜剧,科幻,西部,冒险",美国,1296666
星球大战,1977-05-25,8.5,148949,"哈里森·福特,马克·哈米尔,凯丽·费雪","动作,科幻,冒险",美国,1293838
星际宝贝,2002-06-16,8.6,76066,"黛维·切斯,克里斯·桑德斯,蒂亚·卡雷尔","喜剧,科幻,动画,冒险,家庭",美国,1307547
钢铁侠,2008-04-30,8.4,626025,"小罗伯特·唐尼,格温妮斯·帕特洛,泰伦斯·霍华德","动作,冒险,科幻,惊悚",美国,1432146
她,2013-10-12,8.4,460705,"华金·菲尼克斯,斯嘉丽·约翰逊,艾米·亚当斯","剧情,爱情,科幻",美国,6722879
回到未来2,1989-11-22,8.5,121849,"迈克尔·J·福克斯,克里斯托弗·洛伊德,莉·汤普森","喜剧,科幻,冒险",美国,1299092
星球大战前传3：西斯的反击,2005-05-20,8.5,112396,"伊万·麦克格雷格,娜塔莉·波特曼,海登·克里斯滕森","动作,科幻,奇幻,冒险",美国,1309078
潜行者,1980-05-13,8.8,37102,"亚历山大·凯伊达诺夫斯基,阿丽萨·弗雷因德利赫,安纳托利·索洛尼岑","剧情,科幻,悬疑",苏联,1295656
芬奇,2021-11-05,8.4,242661,"汤姆·汉克斯,卡莱伯·兰德里·琼斯,希默斯","剧情,科幻",美国,26897885
K星异客,2001-10-26,8.5,100224,"凯文·史派西,杰夫·布里吉斯,玛丽·麦克科马克","剧情,科幻","美国,德国",1306607
阿基拉,1988-07-16,8.5,93633,"岩田光央,佐佐木望,小山茉美","动作,科幻,动画",日本,1302770
她的回忆,1995-12-23,8.8,34227,"矶部勉,山寺宏一,高岛雅罗","动画,冒险,科幻",日本,5162334
流浪地球2,2023-01-22,8.3,1325418,"吴京,刘德华,李雪健","科幻,冒险,灾难",中国大陆,35267208
复仇者联盟,2012-05-05,8.3,675933,"小罗伯特·唐尼,克里斯·埃文斯,克里斯·海姆斯沃斯","动作,科幻,奇幻,冒险",美国,1866479
飞向太空,1972-03-20,8.7,39303,"纳塔莉亚·邦达尔丘克,多纳塔斯•巴尼奥尼斯,尤里·贾维特","剧情,科幻,悬疑",苏联,1300977
银河护卫队3,2023-05-05,8.3,537830,"克里斯·帕拉特,佐伊·索尔达娜,戴夫·巴蒂斯塔","喜剧,动作,科幻,惊悚,冒险",美国,26258779
后天,2004-05-28,8.3,531135,"丹尼斯·奎德,杰克·吉伦哈尔,埃米·罗森","科幻,灾难",美国,1308779
银翼杀手2049,2017-10-27,8.3,530623,"瑞恩·高斯林,哈里森·福特,安娜·德·阿玛斯","剧情,动作,科幻,悬疑,惊悚","美国,英国,加拿大,西班牙",10512661
原始星球,1973-12-06,8.8,31652,"让·托帕尔,让·瓦尔蒙,伊夫·巴萨克","动画,科幻","法国,捷克斯洛伐克",1291989
黑洞频率,2000-04-28,8.4,126861,"丹尼斯·奎德,吉姆·卡维泽,肖恩·多伊尔","科幻,犯罪,悬疑",美国,1294183
变形金刚,2007-07-11,8.3,513081,"希亚·拉博夫,梅根·福克斯,乔什·杜哈明","动作,科幻",美国,1794171
第九区,2009-11-27,8.3,480770,"沙尔托·科普雷,詹森·库伯,娜塔莉·博尔特","动作,剧情,科幻,惊悚","美国,新西兰,加拿大,南非",3006772
金刚狼3：殊死一战,2017-03-03,8.3,434840,"休·杰克曼,帕特里克·斯图尔特,达芙妮·基恩","剧情,动作,科幻",美国,25765735
超时空接触,1997-07-11,8.4,120250,"朱迪·福斯特,吉娜·马隆,大卫·摩斯","剧情,科幻,悬疑,惊悚",美国,1295647
生化危机,2002-03-15,8.3,384154,"米拉·乔沃维奇,米歇尔·罗德里格兹,科林·萨蒙","动作,科幻,恐怖","英国,德国,法国,美国,加拿大",1306809
异次元骇客,1999-05-28,8.4,116432,"克雷格·比尔克,阿明·缪勒-斯塔尔,格瑞辰·摩尔","科幻,悬疑,惊悚","美国,德国",1300282
黑衣人,1997-07-02,8.3,350417,"威尔·史密斯,汤米·李·琼斯,琳达·费奥伦蒂诺","动作,喜剧,科幻",美国,1301445
侏罗纪公园,2013-08-20,8.3,332928,"山姆·尼尔,劳拉·邓恩,杰夫·高布伦","科幻,惊悚,冒险",美国,1292523
星球大战2：帝国反击战,1980-05-21,8.4,111215,"马克·哈米尔,哈里森·福特,凯丽·费雪","动作,冒险,科幻",美国,1296528
异形,1979-05-25,8.3,280898,"西格妮·韦弗,汤姆·斯凯里特,维罗尼卡·卡维特","科幻,惊悚,恐怖","英国,美国",1300868
铁甲钢拳,2011-11-08,8.3,279664,"休·杰克曼,达科塔·高尤,凯文·杜兰","剧情,动作,科幻,运动","美国,印度",1972729
星球大战3：绝地归来,1983-05-25,8.4,101121,"马克·哈米尔,哈里森·福特,凯丽·费雪","动作,科幻,奇幻,冒险",美国,1297151
正义联盟：闪点悖论,2013-07-30,8.7,31599,"贾斯汀·钱伯斯,C·托马斯·豪威尔,迈克尔·B·乔丹","动作,科幻,动画,奇幻,冒险",美国,24718965
明日边缘,2014-06-06,8.2,497849,"汤姆·克鲁斯,艾米莉·布朗特,布莱丹·格里森","动作,科幻","美国,加拿大",4746257
X战警：逆转未来,2014-05-23,8.2,461412,"休·杰克曼,詹姆斯·麦卡沃伊,迈克尔·法斯宾德","剧情,动作,科幻,冒险","美国,英国",10485647
沙丘2,2024-03-08,8.2,455543,"提莫西·查拉梅,赞达亚,丽贝卡·弗格森","剧情,动作,科幻,冒险","美国,加拿大",35575567
猩球崛起,2011-10-28,8.2,445338,"安迪·瑟金斯,詹姆斯·弗兰科,芙蕾达·平托","剧情,动作,科幻",美国,3274505
X战警：第一战,2011-05-25,8.2,343217,"詹姆斯·麦卡沃伊,迈克尔·法斯宾德,凯文·贝肯","动作,剧情,科幻","美国,英国",3168089
我，机器人,2004-07-16,8.2,288964,"威尔·史密斯,布里吉特·莫伊纳汉,艾伦·图代克","动作,悬疑,科幻,惊悚","美国,德国",1308843
十二猴子,1995-12-08,8.2,240714,"布鲁斯·威利斯,玛德琳·斯托,布拉德·皮特","科幻,悬疑,惊悚",美国,1298744
终结者,1984-10-26,8.2,217581,"阿诺·施瓦辛格,迈克尔·比恩,琳达·汉密尔顿","动作,科幻,惊悚","美国,英国",1300656
升级,2018-03-10,8.2,170708,"罗根·马歇尔-格林,梅拉里·沃列何,哈里森·吉尔伯特森","动作,科幻,惊悚","美国,澳大利亚",27093707
复仇者联盟3：无限战争,2018-05-11,8.1,797164,"小罗伯特·唐尼,克里斯·埃文斯,克里斯·海姆斯沃斯","动作,科幻,奇幻,冒险",美国,24773958
云图,2013-01-31,8.1,404568,"汤姆·汉克斯,哈莉·贝瑞,吉姆·布劳德本特","剧情,科幻,悬疑","美国,德国,中国香港,新加坡,中国大陆,英国,西班牙",3530403
无姓之人,2009-09-12,8.2,131550,"杰瑞德·莱托,莎拉·波利,黛安·克鲁格","剧情,爱情,科幻,奇幻","加拿大,比利时,法国,德国",2076181
星球大战前传1：幽灵的威胁,1999-11-05,8.2,129932,"连姆·尼森,伊万·麦克格雷格,娜塔莉·波特曼","动作,科幻,冒险",美国,1294362
银河护卫队,2014-10-10,8.1,545303,"克里斯·帕拉特,佐伊·索尔达娜,戴夫·巴蒂斯塔","动作,科幻,冒险",美国,7065154
钢铁巨人,1999-08-06,8.6,29649,"艾力·马伦斯奥,范·迪塞尔,小哈里·康尼克","喜剧,动作,科幻,动画,冒险",美国,1293863
蜘蛛侠,2002-08-07,8.1,396138,"托比·马奎尔,威廉·达福,克斯汀·邓斯特","动作,科幻,冒险",美国,1306612
迷雾,2007-11-21,8.1,353775,"托马斯·简,马西娅·盖伊·哈登,劳瑞·侯登","科幻,惊悚,恐怖",美国,1945330
扎克·施奈德版正义联盟,2021-05-03,8.1,334198,"本·阿弗莱克,亨利·卡维尔,盖尔·加朵","动作,科幻,奇幻,冒险",美国,35076714
独立日,1996-07-02,8.1,301193,"威尔·史密斯,杰夫·高布伦,比尔·普尔曼","动作,科幻,冒险,灾难",美国,1293013
最终幻想7：圣子降临,2005-08-31,8.3,60123,"樱井孝宏,伊藤步,森久保祥太郎","动画,动作,科幻,惊悚",日本,1422063
星际迷航,2009-05-15,8.1,176224,"克里斯·派恩,扎克瑞·昆图,伦纳德·尼莫伊","动作,冒险,科幻","美国,德国",2132932
异形2,1986-07-18,8.1,171750,"西格妮·韦弗,凯莉·赫恩,迈克尔·比恩","动作,科幻,惊悚,冒险",美国,1293792
宇宙探索编辑部,2023-04-01,8.0,627304,"杨皓宇,艾丽娅,王一通","喜剧,科幻",中国大陆,34941536
控方证人,1957-12-17,9.6,628679,"泰隆·鲍华,玛琳·黛德丽,查尔斯·劳顿","剧情,犯罪,悬疑,惊悚",美国,1296141
无间道,2003-09-05,9.3,1452822,"刘德华,梁朝伟,黄秋生","剧情,犯罪,惊悚",中国香港,1307914
蝙蝠侠：黑暗骑士,2008-07-14,9.2,1121733,"克里斯蒂安·贝尔,希斯·莱杰,艾伦·艾克哈特","剧情,动作,科幻,犯罪,惊悚","美国,英国",1851857
红辣椒,2006-09-02,9.1,513390,"林原惠美,江守彻,堀胜之祐","动画,悬疑,科幻,惊悚",日本,1865703
未麻的部屋,1997-08-05,9.1,380535,"岩男润子,松本梨香,辻亲八","剧情,犯罪,动画,悬疑,惊悚",日本,1395091
搏击俱乐部,1999-09-10,9.0,899879,"爱德华·诺顿,布拉德·皮特,海伦娜·伯翰·卡特","剧情,动作,悬疑,惊悚",美国,1292000
惊魂记,1960-06-16,9.0,323186,"安东尼·博金斯,维拉·迈尔斯,约翰·加文","悬疑,惊悚,恐怖",美国,1293181
黑镜：圣诞特别篇,2014-12-16,9.1,129167,"乔恩·哈姆,拉菲·斯波,奥娜·卓别林","剧情,科幻,惊悚",英国,25964630
禁闭岛,2010-02-13,8.9,1039692,"莱昂纳多·迪卡普里奥,马克·鲁弗洛,本·金斯利","剧情,悬疑,惊悚",美国,2334904
蝴蝶效应,2004-01-23,8.9,995417,"阿什顿·库彻,梅洛拉·沃尔特斯,艾米·斯马特","剧情,悬疑,科幻,惊悚","美国,加拿大",1292343
沉默的羔羊,1991-02-14,8.9,947879,"朱迪·福斯特,安东尼·霍普金斯,斯科特·格伦","剧情,犯罪,惊悚",美国,1293544
致命魔术,2006-10-17,8.9,908788,"休·杰克曼,克里斯蒂安·贝尔,迈克尔·凯恩","剧情,悬疑,惊悚","英国,美国",1780330
致命ID,2003-04-25,8.9,881605,"约翰·库萨克,雷·利奥塔,阿曼达·皮特","剧情,悬疑,惊悚",美国,1297192
杀人回忆,2003-05-02,8.9,770501,"宋康昊,金相庆,金雷夏","剧情,动作,犯罪,悬疑,惊悚",韩国,1300299
蝙蝠侠：黑暗骑士崛起,2012-08-27,8.9,764591,"克里斯蒂安·贝尔,汤姆·哈迪,安妮·海瑟薇","剧情,动作,科幻,犯罪,惊悚","美国,英国",3395373
第六感,1999-08-06,8.9,592202,"布鲁斯·威利斯,海利·乔·奥斯蒙,托妮·科莱特","剧情,悬疑,惊悚",美国,1297630
2001太空漫游,1968-04-02,8.9,360122,"凯尔·杜拉,加里·洛克伍德,威廉姆·西尔维斯特","科幻,惊悚,冒险","英国,美国",1292226
末路狂花,1991-05-24,8.9,294398,"吉娜·戴维斯,苏珊·萨兰登,哈威·凯特尔","犯罪,剧情,惊悚","美国,英国,法国",1291992
看不见的客人,2017-09-15,8.8,1350135,"马里奥·卡萨斯,阿娜·瓦格纳,何塞·科罗纳多","剧情,犯罪,悬疑,惊悚",西班牙,26580232
七宗罪,1995-09-22,8.8,991224,"摩根·弗里曼,布拉德·皮特,凯文·史派西","剧情,犯罪,悬疑,惊悚",美国,1292223
无间道2,2003-10-17,8.8,519806,"陈冠希,余文乐,曾志伟","剧情,犯罪,惊悚",中国香港,1307106
追随,1998-04-24,8.9,192417,"杰里米·西奥伯德,亚历克斯·霍,露西·拉塞尔","犯罪,悬疑,惊悚",英国,1397546
洞,1960-03-18,9.2,56145,"马克·米歇尔,吉恩·凯乐蒂,菲利普·勒鲁瓦","犯罪,剧情,惊悚","法国,意大利",1424334
谍影重重3,2007-11-15,8.8,441479,"马特·达蒙,朱丽娅·斯蒂尔斯,大卫·斯特雷泽恩","动作,悬疑,惊悚","美国,德国,法国,英国",1578507
电话谋杀案,1954-05-29,8.9,142345,"雷·米兰德,格蕾丝·凯利,罗伯特·卡明斯","犯罪,悬疑,惊悚",美国,1301231
千钧一发,1997-10-24,8.8,322394,"伊桑·霍克,乌玛·瑟曼,裘德·洛","剧情,科幻,惊悚",美国,1300117
小丑,2019-08-31,8.7,1064288,"华金·菲尼克斯,罗伯特·德尼罗,马克·马龙","剧情,犯罪,惊悚","美国,加拿大",27119724
消失的爱人,2014-09-26,8.7,1012586,"本·阿弗莱克,裴淳华,尼尔·帕特里克·哈里斯","剧情,犯罪,悬疑,惊悚",美国,21318488
记忆碎片,2000-09-05,8.7,634471,"盖·皮尔斯,凯瑞-安·莫斯,乔·潘托里亚诺","犯罪,剧情,悬疑,惊悚",美国,1304447
电锯惊魂,2004-01-19,8.7,569946,"雷·沃纳尔,加利·艾尔维斯,丹尼·格洛弗","悬疑,惊悚,恐怖",美国,1417598
洛城机密,1997-09-19,8.8,157482,"凯文·史派西,罗素·克劳,盖·皮尔斯","剧情,犯罪,悬疑,惊悚",美国,1292348
血钻,2006-12-08,8.7,400149,"莱昂纳多·迪卡普里奥,杰曼·翰苏,詹妮弗·康纳利","剧情,惊悚,冒险","美国,德国,英国",1428175
谍影重重2,2004-11-14,8.7,373284,"马特·达蒙,布莱恩·考克斯,琼·艾伦","动作,悬疑,惊悚","美国,德国",1308767
浪潮,2008-03-13,8.7,283788,"于尔根·福格尔,弗雷德里克·劳,马克思·雷迈特","剧情,惊悚",德国,2297265
后窗,1954-08-01,8.7,216038,"詹姆斯·斯图尔特,格蕾丝·凯利,温戴尔·柯瑞","悬疑,惊悚",美国,1299080
釜山行,2016-05-13,8.6,1267790,"孔刘,郑有美,马东锡","动作,惊悚,灾难",韩国,25986180
黑天鹅,2010-09-01,8.6,810867,"娜塔莉·波特曼,米拉·库尼斯,文森特·卡塞尔","剧情,惊悚",美国,1978709
用心棒,1961-04-25,9.0,56540,"三船敏郎,仲代达矢,司叶子","剧情,动作,惊悚",日本,1292515
彗星来的那一夜,2013-09-19,8.6,628944,"艾米丽·芭尔多尼,莫瑞·史特林,尼古拉斯·布兰登","科幻,悬疑,惊悚","美国,英国",25807345
谍影重重,2002-11-21,8.6,453979,"马特·达蒙,弗朗卡·波滕特,克里斯·库珀","动作,悬疑,惊悚","美国,德国,捷克",1304102
回忆三部曲,1995-12-23,8.9,68689,"矶部勉,山寺宏一,高岛雅罗","动画,奇幻,科幻,惊悚",日本,1307897
蝙蝠侠：侠影之谜,2005-06-29,8.6,432933,"克里斯蒂安·贝尔,迈克尔·凯恩,连姆·尼森","剧情,动作,科幻,犯罪,惊悚","美国,英国",1309069
迷魂记,1958-05-09,8.7,148076,"詹姆斯·斯图尔特,金·诺瓦克,芭芭拉·贝尔·戈迪斯","爱情,悬疑,惊悚",美国,1297294
金福南杀人事件始末,2010-09-02,8.6,281329,"徐英姬,池成媛,朴政学","剧情,犯罪,惊悚",韩国,4826419
银翼杀手,1982-06-25,8.6,280129,"哈里森·福特,鲁格·豪尔,肖恩·杨","科幻,惊悚",美国,1291839
非常嫌疑犯,1995-01-25,8.6,269503,"史蒂芬·鲍德温,加布里埃尔·伯恩,本尼西奥·德尔·托罗","犯罪,悬疑,惊悚","德国,美国",1292214
亚当斯一家的价值观,1993-11-19,8.8,74934,"克里斯蒂娜·里奇,琼·库萨克,劳尔·胡里亚","喜剧,家庭,奇幻,惊悚",美国,1299900
恐怖游轮,2009-10-16,8.5,923787,"梅利莎·乔治,利亚姆·海姆斯沃斯,迈克尔·多曼","剧情,悬疑,惊悚","英国,澳大利亚",3011051
源代码,2011-08-30,8.5,876514,"杰克·吉伦哈尔,维拉·法米加,米歇尔·莫纳汉","科幻,悬疑,惊悚","美国,加拿大",3075287
神探,2008-02-22,8.5,324502,"刘青云,安志杰,林家栋","动作,犯罪,悬疑,惊悚",中国香港,2027938
网络谜踪,2018-12-14,8.5,542499,"约翰·赵,米切尔·拉,黛博拉·梅辛","剧情,犯罪,悬疑,惊悚","美国,俄罗斯",27615441
变脸,1997-06-27,8.5,391550,"约翰·特拉沃尔塔,尼古拉斯·凯奇,琼·艾伦","动作,科幻,犯罪,惊悚",美国,1292659
精英部队2：大敌当前,2011-11-25,8.7,88858,"瓦格纳·马拉,安德烈·拉米罗,米尔黑·考塔兹","剧情,动作,犯罪,惊悚",巴西,4304402
花火,1997-09-03,8.6,129811,"北野武,岸本加世子,大杉涟","剧情,爱情,犯罪,惊悚",日本,1302642
风声,2009-09-29,8.4,628995,"周迅,李冰冰,张涵予","犯罪,剧情,惊悚,战争",中国大陆,3734112
钢铁侠,2008-04-30,8.4,626025,"小罗伯特·唐尼,格温妮斯·帕特洛,泰伦斯·霍华德","动作,冒险,科幻,惊悚",美国,1432146
喋血双雄,1989-07-06,8.5,90104,"周润发,李修贤,叶倩文","动作,犯罪,剧情,惊悚",中国香港,1296519
穆赫兰道,2001-05-16,8.4,464605,"娜奥米·沃茨,劳拉·哈灵,安·米勒","剧情,悬疑,惊悚","法国,美国",1292217
碟中谍4,2012-01-28,8.4,447922,"汤姆·克鲁斯,杰瑞米·雷纳,西蒙·佩吉","动作,惊悚,冒险",美国,3068206
黑社会,2005-10-20,8.4,216505,"任达华,梁家辉,古天乐","犯罪,剧情,惊悚",中国香港,1309220
老无所依,2007-05-19,8.4,324908,"汤米·李·琼斯,哈维尔·巴登,乔什·布洛林","犯罪,剧情,惊悚",美国,1857099
盗火线,1995-12-15,8.5,133765,"阿尔·帕西诺,罗伯特·德尼罗,方·基默","剧情,动作,犯罪,惊悚",美国,1295686
王牌对王牌,1998-07-29,8.5,131948,"塞缪尔·杰克逊,凯文·史派西,大卫·摩斯","动作,犯罪,剧情,悬疑,惊悚","美国,德国",1293434
追击者,2008-02-14,8.4,249607,"河正宇,金允石,徐英姬","犯罪,剧情,惊悚",韩国,3006309
电锯惊魂2,2005-10-28,8.4,233398,"托宾·贝尔,肖妮·史密斯,唐尼·沃尔伯格","悬疑,惊悚,恐怖","美国,加拿大",1309045
落水狗,1992-01-21,8.4,226759,"哈威·凯特尔,蒂姆·罗斯,迈克尔·马德森","惊悚,犯罪",美国,1299603
孟买酒店,2018-09-07,8.4,219801,"艾米·汉莫,纳赞宁·波妮阿蒂,戴夫·帕特尔","剧情,历史,惊悚","澳大利亚,美国,印度",26794701
罪恶之城,2005-04-01,8.4,203853,"杰西卡·阿尔芭,布鲁斯·威利斯,克里夫·欧文","动作,犯罪,惊悚",美国,1309027
魔鬼代言人,1997-10-17,8.4,175812,"基努·里维斯,阿尔·帕西诺,查理兹·塞隆","剧情,悬疑,惊悚","美国,德国",1298909
换子疑云,2008-10-31,8.4,170004,"安吉丽娜·朱莉,盖特林·格里菲斯,米歇尔·冈","剧情,悬疑,惊悚",美国,2028666
杀死比尔,2003-09-29,8.3,567306,"乌玛·瑟曼,刘玉玲,薇薇卡·福克斯","动作,犯罪,惊悚",美国,1291580
银河护卫队3,2023-05-05,8.3,537830,"克里斯·帕拉特,佐伊·索尔达娜,戴夫·巴蒂斯塔","喜剧,动作,科幻,惊悚,冒险",美国,26258779
银翼杀手2049,2017-10-27,8.3,530623,"瑞恩·高斯林,哈里森·福特,安娜·德·阿玛斯","剧情,动作,科幻,悬疑,惊悚","美国,英国,加拿大,西班牙",10512661
狗镇,2003-05-19,8.4,155856,"妮可·基德曼,哈里特·安德森,劳伦·白考尔","剧情,悬疑,惊悚","丹麦,瑞典,挪威,芬兰,英国,法国,德国,荷兰,意大利",1298759
刺杀肯尼迪,1991-12-20,8.8,41721,"凯文·科斯特纳,茜茜·斯派塞克,汤米·李·琼斯","传记,剧情,历史,悬疑,惊悚","美国,法国",1292230
第九区,2009-11-27,8.3,480770,"沙尔托·科普雷,詹森·库伯,娜塔莉·博尔特","动作,剧情,科幻,惊悚","美国,新西兰,加拿大,南非",3006772
苦月亮,1992-09-23,8.4,150978,"彼德·考约特,艾玛纽尔·塞尼耶,休·格兰特","剧情,爱情,惊悚,情色","法国,英国",1301582
危情十日,1990-11-30,8.5,88946,"詹姆斯·肯恩,凯西·贝茨,理查德·法恩斯沃斯","剧情,犯罪,惊悚",美国,1292850
情枭的黎明,1993-11-10,8.7,48602,"阿尔·帕西诺,西恩·潘,佩内洛普·安·米勒","犯罪,剧情,惊悚",美国,1292646
侏罗纪公园,2013-08-20,8.3,332928,"山姆·尼尔,劳拉·邓恩,杰夫·高布伦","科幻,惊悚,冒险",美国,1292523
精武门,1972-03-22,8.5,46719,"李小龙,苗可秀,田俊","动作,剧情,爱情,惊悚",中国香港,1294991
老男孩,2003-11-21,8.3,313112,"崔岷植,刘智泰,姜惠贞","剧情,动作,悬疑,惊悚",韩国,1308865
黑社会2：以和为贵,2006-04-27,8.3,165939,"古天乐,任达华,张家辉","犯罪,剧情,惊悚",中国香港,1484760
夜访吸血鬼,1994-11-11,8.3,291404,"布拉德·皮特,汤姆·克鲁斯,克斯汀·邓斯特","剧情,奇幻,惊悚",美国,1299327
碟中谍,1996-05-22,8.3,283107,"汤姆·克鲁斯,乔恩·沃伊特,艾曼纽·贝阿","动作,冒险,惊悚",美国,1292484
异形,1979-05-25,8.3,280899,"西格妮·韦弗,汤姆·斯凯里特,维罗尼卡·卡维特","科幻,惊悚,恐怖","英国,美国",1300868
飓风营救,2008-04-09,8.3,272073,"连姆·尼森,玛姬·格蕾斯,法米克·詹森","动作,犯罪,剧情,惊悚","法国,美国,英国",2124586
超时空接触,1997-07-11,8.4,120250,"朱迪·福斯特,吉娜·马隆,大卫·摩斯","剧情,科幻,悬疑,惊悚",美国,1295647
放·逐,2006-09-06,8.3,138664,"黄秋生,吴镇宇,张家辉","惊悚,犯罪",中国香港,1790577
异次元骇客,1999-05-28,8.4,116432,"克雷格·比尔克,阿明·缪勒-斯塔尔,格瑞辰·摩尔","科幻,悬疑,惊悚","美国,德国",1300282
假面,1966-10-18,8.8,37471,"毕比·安德松,丽芙·乌尔曼,玛格丽塔·克罗克","剧情,惊悚",瑞典,1294438
汉尼拔,2001-02-09,8.3,217367,"安东尼·霍普金斯,朱丽安·摩尔,加里·奥德曼","犯罪,惊悚","英国,美国",1301746
调音师,2019-04-03,8.2,967191,"阿尤斯曼·库拉纳,塔布,拉迪卡·艾普特","喜剧,犯罪,悬疑,惊悚",印度,30334073
夜行者,2014-09-05,8.3,179690,"杰克·吉伦哈尔,里兹·阿迈德,蕾妮·罗素","剧情,犯罪,惊悚",美国,25750969
天才瑞普利,1999-12-25,8.3,170116,"马特·达蒙,格温妮斯·帕特洛,裘德·洛","剧情,犯罪,惊悚",美国,1295045
无间道3：终极无间,2003-12-12,8.2,370019,"梁朝伟,刘德华,黎明","剧情,犯罪,惊悚","中国大陆,中国香港",1307694
真实的谎言,1995-04-20,8.3,163944,"阿诺·施瓦辛格,杰米·李·柯蒂斯,汤姆·阿诺德","喜剧,动作,惊悚",美国,1292553
椿三十郎,1962-01-01,8.8,34880,"三船敏郎,仲代达矢,小林桂树","剧情,喜剧,动作,犯罪,惊悚",日本,1293310
孤儿怨,2009-07-24,8.2,503785,"维拉·法米加,彼得·萨斯加德,伊莎贝拉·弗尔曼","悬疑,惊悚,恐怖","美国,加拿大,德国,法国",3011308
猛龙过江,1972-12-30,8.4,50105,"李小龙,苗可秀,查克·诺瑞斯","动作,喜剧,犯罪,剧情,惊悚",中国香港,1306870
这个杀手不太冷,1994-09-14,9.4,2399928,"让·雷诺,娜塔莉·波特曼,加里·奥德曼","剧情,动作,犯罪","法国,美国",1295644
指环王3：王者无敌,2004-03-12,9.3,850622,"伊利亚·伍德,西恩·奥斯汀,维果·莫腾森","剧情,动作,奇幻,冒险","美国,新西兰",1291552
蝙蝠侠：黑暗骑士,2008-07-14,9.2,1121733,"克里斯蒂安·贝尔,希斯·莱杰,艾伦·艾克哈特","剧情,动作,科幻,犯罪,惊悚","美国,英国",1851857
指环王2：双塔奇兵,2003-04-25,9.2,799298,"伊利亚·伍德,西恩·奥斯汀,多米尼克·莫纳汉","剧情,动作,奇幻,冒险","美国,新西兰",1291572
七武士,1954-04-26,9.3,212263,"三船敏郎,志村乔,津岛惠子","动作,冒险,剧情",日本,1295399
指环王1：护戒使者,2002-04-04,9.1,896892,"伊利亚·伍德,西恩·奥斯汀,伊恩·麦克莱恩","剧情,动作,奇幻,冒险","新西兰,美国",1291571
黑客帝国,2000-01-14,9.1,884983,"基努·里维斯,劳伦斯·菲什伯恩,凯瑞-安·莫斯","动作,科幻",美国,1291843
让子弹飞,2010-12-16,9.0,1796074,"姜文,葛优,周润发","剧情,喜剧,动作,西部","中国大陆,中国香港",3742360
进击的巨人 最终季 完结篇 前篇,2023-03-04,9.5,87665,"梶裕贵,石川由依,井上麻里奈","动作,动画,奇幻",日本,35853587
搏击俱乐部,1999-09-10,9.0,899879,"爱德华·诺顿,布拉德·皮特,海伦娜·伯翰·卡特","剧情,动作,悬疑,惊悚",美国,1292000
杀人回忆,2003-05-02,8.9,770501,"宋康昊,金相庆,金雷夏","剧情,动作,犯罪,悬疑,惊悚",韩国,1300299
蝙蝠侠：黑暗骑士崛起,2012-08-27,8.9,764591,"克里斯蒂安·贝尔,汤姆·哈迪,安妮·海瑟薇","剧情,动作,科幻,犯罪,惊悚","美国,英国",3395373
勇敢的心,1995-05-18,8.9,579719,"梅尔·吉布森,苏菲·玛索,布莱恩·考克斯","动作,传记,剧情,历史,战争",美国,1294639
攻壳机动队,1995-11-18,9.1,151498,"田中敦子,大塚明夫,山寺宏一","动作,科幻,动画",日本,1291936
功夫,2004-12-23,8.8,1223028,"周星驰,元秋,元华","动作,喜剧,犯罪,奇幻","中国大陆,中国香港",1291543
进击的巨人 最终季 完结篇 后篇,2023-11-04,9.3,84848,"梶裕贵,石川由依,井上麻里奈","动作,动画,奇幻",日本,36283000
阿凡达,2010-01-04,8.8,1489409,"萨姆·沃辛顿,佐伊·索尔达娜,西格妮·韦弗","动作,科幻,冒险",美国,1652587
超能陆战队,2015-02-28,8.8,1074948,"斯科特·安第斯,瑞恩·波特,丹尼尔·海尼","喜剧,动作,科幻,动画,冒险",美国,11026735
加勒比海盗,2003-11-21,8.8,908778,"约翰尼·德普,杰弗里·拉什,奥兰多·布鲁姆","动作,冒险,奇幻",美国,1298070
纵横四海,1991-02-02,8.8,449369,"周润发,张国荣,钟楚红","剧情,喜剧,动作,犯罪",中国香港,1295409
被解救的姜戈,2013-05-12,8.8,646618,"杰米·福克斯,莱昂纳多·迪卡普里奥,克里斯托弗·瓦尔兹","剧情,动作,西部,冒险",美国,6307447
黑客帝国3：矩阵革命,2003-11-05,8.8,469758,"基努·里维斯,劳伦斯·菲什伯恩,凯瑞-安·莫斯","动作,科幻",美国,1302467
谍影重重3,2007-11-15,8.8,441480,"马特·达蒙,朱丽娅·斯蒂尔斯,大卫·斯特雷泽恩","动作,悬疑,惊悚","美国,德国,法国,英国",1578507
枪火,1999-11-19,8.8,240131,"吴镇宇,任达华,黄秋生","剧情,动作,犯罪",中国香港,1300741
东邪西毒：终极版,2009-03-26,8.8,211078,"张国荣,林青霞,梁朝伟","剧情,动作,爱情","中国香港,中国大陆,中国台湾",3726072
终结者2：审判日,1991-07-03,8.8,360183,"阿诺·施瓦辛格,琳达·汉密尔顿,爱德华·福隆","动作,科幻","美国,法国",1291844
新龙门客栈,2012-02-24,8.7,471549,"张曼玉,林青霞,梁家辉","动作,爱情,武侠,古装","中国香港,中国大陆",1292287
疯狂的麦克斯4：狂暴之路,2015-05-14,8.7,578625,"汤姆·哈迪,查理兹·塞隆,尼古拉斯·霍尔特","动作,科幻,冒险","澳大利亚,美国",3592854
黑客帝国2：重装上阵,2003-07-18,8.7,428201,"基努·里维斯,劳伦斯·菲什伯恩,凯瑞-安·莫斯","动作,科幻",美国,1304141
谍影重重2,2004-11-14,8.7,373284,"马特·达蒙,布莱恩·考克斯,琼·艾伦","动作,悬疑,惊悚","美国,德国",1308767
头号玩家,2018-03-30,8.6,1433591,"泰伊·谢里丹,奥利维亚·库克,本·门德尔森","动作,科幻,冒险",美国,4920389
釜山行,2016-05-13,8.6,1267790,"孔刘,郑有美,马东锡","动作,惊悚,灾难",韩国,25986180
东邪西毒,1994-09-17,8.6,602820,"张国荣,林青霞,梁朝伟","剧情,动作,爱情,武侠,古装","中国香港,中国台湾",1292328
英雄本色,2017-11-17,8.6,571342,"周润发,狄龙,张国荣","剧情,动作,犯罪",中国香港,1297574
黑鹰坠落,2001-12-18,8.7,298123,"乔什·哈奈特,伊万·麦克格雷格,汤姆·塞兹摩尔","动作,历史,战争","美国,英国",1291824
切腹,1962-09-16,9.4,49757,"仲代达矢,石浜朗,岩下志麻","剧情,动作,悬疑",日本,1304920
蜘蛛侠：平行宇宙,2018-12-21,8.6,710433,"沙梅克·摩尔,杰克·约翰逊,海莉·斯坦菲尔德","动作,科幻,动画,冒险",美国,26374197
暗战,1999-09-23,8.6,262753,"刘德华,刘青云,蒙嘉慧","动作,剧情,犯罪",中国香港,1298898
谍影重重,2002-11-21,8.6,453979,"马特·达蒙,弗朗卡·波滕特,克里斯·库珀","动作,悬疑,惊悚","美国,德国,捷克",1304102
蝙蝠侠：侠影之谜,2005-06-29,8.6,432933,"克里斯蒂安·贝尔,迈克尔·凯恩,连姆·尼森","剧情,动作,科幻,犯罪,惊悚","美国,英国",1309069
霍比特人3：五军之战,2015-01-23,8.6,398773,"马丁·弗瑞曼,伊恩·麦克莱恩,理查德·阿米蒂奇","动作,奇幻,冒险","美国,新西兰",2973079
乱,1985-06-01,8.9,96780,"仲代达矢,寺尾聪,根津甚八","剧情,动作","日本,法国",1296196
复仇者联盟4：终局之战,2019-04-24,8.5,1104973,"小罗伯特·唐尼,克里斯·埃文斯,克里斯·海姆斯沃斯","剧情,动作,科幻,奇幻,冒险",美国,26100958
精武英雄,1994-12-22,8.6,153891,"李连杰,中山忍,钱小豪","动作,剧情","中国香港,中国大陆",1292895
勇闯夺命岛,1996-06-07,8.6,256154,"肖恩·康纳利,尼古拉斯·凯奇,艾德·哈里斯","动作,冒险",美国,1292728
神探,2008-02-22,8.5,324502,"刘青云,安志杰,林家栋","动作,犯罪,悬疑,惊悚",中国香港,2027938
角斗士,2000-05-05,8.6,232550,"罗素·克劳,华金·菲尼克斯,康妮·尼尔森","剧情,动作,冒险","美国,英国,马耳他,摩洛哥",1293530
守望者,2009-03-06,8.6,225053,"帕特里克·威尔森,卡拉·古奇诺,比利·克鲁德普","动作,科幻,悬疑",美国,1972698
蜘蛛侠：纵横宇宙,2023-06-02,8.5,458917,"沙梅克·摩尔,海莉·斯坦菲尔德,奥斯卡·伊萨克","喜剧,动作,科幻,动画,奇幻,冒险",美国,30391186
黄海,2010-12-22,8.5,244713,"河正宇,金允石,郑满植","剧情,动作,犯罪","韩国,美国,中国香港",3743114
霍比特人1：意外之旅,2013-02-22,8.5,426474,"伊恩·麦克莱恩,马丁·弗瑞曼,理查德·阿米蒂奇","动作,奇幻,冒险","美国,新西兰",1966182
变脸,1997-06-27,8.5,391550,"约翰·特拉沃尔塔,尼古拉斯·凯奇,琼·艾伦","动作,科幻,犯罪,惊悚",美国,1292659
霍比特人2：史矛革之战,2014-02-21,8.5,379138,"伊恩·麦克莱恩,马丁·弗瑞曼,理查德·阿米蒂奇","动作,奇幻,冒险","美国,新西兰",11606328
速度与激情5,2011-05-12,8.5,379116,"范·迪塞尔,保罗·沃克,乔丹娜·布鲁斯特","动作,犯罪",美国,4286017
速度与激情7,2015-04-12,8.4,489180,"范·迪塞尔,保罗·沃克,杰森·斯坦森","动作,犯罪","美国,中国大陆,日本",23761370
国产凌凌漆,1994-10-13,8.4,429691,"周星驰,袁咏仪,罗家英","动作,喜剧",中国香港,1307739
疯狂的赛车,2009-01-20,8.4,412918,"黄渤,戎祥,九孔","动作,冒险,喜剧",中国大陆,2124703
王牌特工：特工学院,2015-03-27,8.4,693928,"塔伦·埃哲顿,科林·费尔斯,塞缪尔·杰克逊","喜剧,动作,冒险","英国,美国",24405378
钢铁侠,2008-04-30,8.4,626025,"小罗伯特·唐尼,格温妮斯·帕特洛,泰伦斯·霍华德","动作,冒险,科幻,惊悚",美国,1432146
启示,2006-12-08,8.7,109669,"鲁迪·杨布拉德,达利娅·埃尔南德斯,乔纳森·布雷维尔","动作,冒险,剧情",美国,1450031
小萝莉的猴神大叔,2018-03-02,8.4,486730,"萨尔曼·汗,哈莎莉·马洛特拉,卡琳娜·卡普尔","剧情,喜剧,动作",印度,26393561
碟中谍4,2012-01-28,8.4,447922,"汤姆·克鲁斯,杰瑞米·雷纳,西蒙·佩吉","动作,惊悚,冒险",美国,3068206
加勒比海盗2：亡灵的宝藏,2006-07-07,8.4,443894,"约翰尼·德普,奥兰多·布鲁姆,凯拉·奈特莉","动作,冒险,奇幻",美国,1315574
加勒比海盗3：世界的尽头,2007-06-12,8.4,415025,"约翰尼·德普,杰弗里·拉什,奥兰多·布鲁姆","动作,冒险,奇幻",美国,1418192
用心棒,1961-04-25,9.0,56540,"三船敏郎,仲代达矢,司叶子","剧情,动作,惊悚",日本,1292515
黄飞鸿,1991-08-15,8.4,195160,"李连杰,元彪,关之琳","剧情,动作,武侠,古装",中国香港,1298443
英雄本色2,1987-12-17,8.4,192093,"狄龙,张国荣,周润发","剧情,动作,犯罪",中国香港,1297862
西线无战事,2022-09-12,8.5,178511,"费利克斯·卡默雷尔,阿尔布雷希特·舒赫,亚伦·希尔默","剧情,动作,战争","德国,美国,英国",3042261
僵尸先生,1985-11-07,8.5,98659,"林正英,许冠英,钱小豪","动作,喜剧,奇幻",中国香港,1295933
喋血双雄,1989-07-06,8.5,90104,"周润发,李修贤,叶倩文","动作,犯罪,剧情,惊悚",中国香港,1296519
精英部队2：大敌当前,2011-11-25,8.7,88858,"瓦格纳·马拉,安德烈·拉米罗,米尔黑·考塔兹","剧情,动作,犯罪,惊悚",巴西,4304402
复仇者联盟,2012-05-05,8.3,675933,"小罗伯特·唐尼,克里斯·埃文斯,克里斯·海姆斯沃斯","动作,科幻,奇幻,冒险",美国,1866479
监狱风云,1987-11-13,8.4,135056,"周润发,梁家辉,何家驹","剧情,动作,犯罪",中国香港,1293422
鹿鼎记,1992-07-30,8.3,353446,"周星驰,吴孟达,张敏","喜剧,动作,武侠,古装",中国香港,1297223
星球大战,1977-05-25,8.5,148949,"哈里森·福特,马克·哈米尔,凯丽·费雪","动作,科幻,冒险",美国,1293838
杀死比尔,2003-09-29,8.3,567306,"乌玛·瑟曼,刘玉玲,薇薇卡·福克斯","动作,犯罪,惊悚",美国,1291580
魁拔Ⅲ战神崛起,2014-10-01,8.6,58414,"刘婧荦,姚姝,王宇腾","动作,动画,奇幻,冒险",中国大陆,24723061
银河护卫队3,2023-05-05,8.3,537830,"克里斯·帕拉特,佐伊·索尔达娜,戴夫·巴蒂斯塔","喜剧,动作,科幻,惊悚,冒险",美国,26258779
银翼杀手2049,2017-10-27,8.3,530623,"瑞恩·高斯林,哈里森·福特,安娜·德·阿玛斯","剧情,动作,科幻,悬疑,惊悚","美国,英国,加拿大,西班牙",10512661
天若有情,1990-06-14,8.4,124311,"刘德华,吴倩莲,吴孟达","动作,剧情,爱情",中国香港,1297710
变形金刚,2007-07-11,8.3,513081,"希亚·拉博夫,梅根·福克斯,乔什·杜哈明","动作,科幻",美国,1794171
第九区,2009-11-27,8.3,480770,"沙尔托·科普雷,詹森·库伯,娜塔莉·博尔特","动作,剧情,科幻,惊悚","美国,新西兰,加拿大,南非",3006772
少林寺,1982-02-01,8.4,119178,"李连杰,于海,丁岚","动作,武侠,古装","中国大陆,中国香港",1301198
金刚狼3：殊死一战,2017-03-03,8.3,434840,"休·杰克曼,帕特里克·斯图尔特,达芙妮·基恩","剧情,动作,科幻",美国,25765735
罪恶之城,2005-04-01,8.4,203853,"杰西卡·阿尔芭,布鲁斯·威利斯,克里夫·欧文","动作,犯罪,惊悚",美国,1309027
盗火线,1995-12-15,8.5,133765,"阿尔·帕西诺,罗伯特·德尼罗,方·基默","剧情,动作,犯罪,惊悚",美国,1295686
暗花,1998-01-01,8.4,112635,"刘青云,梁朝伟,邵美琪","剧情,动作,犯罪,悬疑",中国香港,1292450
王牌对王牌,1998-07-29,8.5,131948,"塞缪尔·杰克逊,凯文·史派西,大卫·摩斯","动作,犯罪,剧情,悬疑,惊悚","美国,德国",1293434
生化危机,2002-03-15,8.3,384154,"米拉·乔沃维奇,米歇尔·罗德里格兹,科林·萨蒙","动作,科幻,恐怖","英国,德国,法国,美国,加拿大",1306809
黑衣人,1997-07-02,8.3,350417,"威尔·史密斯,汤米·李·琼斯,琳达·费奥伦蒂诺","动作,喜剧,科幻",美国,1301445
红海行动,2018-02-16,8.2,1063841,"张译,黄景瑜,海清","动作,战争","中国大陆,中国香港",26861685
老男孩,2003-11-21,8.3,313112,"崔岷植,刘智泰,姜惠贞","剧情,动作,悬疑,惊悚",韩国,1308865
一代宗师,2013-01-08,8.2,645730,"梁朝伟,章子怡,张震","剧情,传记,动作,爱情","中国大陆,中国香港",3821067
碟中谍,1996-05-22,8.3,283107,"汤姆·克鲁斯,乔恩·沃伊特,艾曼纽·贝阿","动作,冒险,惊悚",美国,1292484
铁甲钢拳,2011-11-08,8.3,279664,"休·杰克曼,达科塔·高尤,凯文·杜兰","剧情,动作,科幻,运动","美国,印度",1972729
天下无贼,2004-12-09,8.2,537745,"刘德华,刘若英,王宝强","动作,犯罪,剧情","中国大陆,中国香港",1291550
飓风营救,2008-04-09,8.3,272073,"连姆·尼森,玛姬·格蕾斯,法米克·詹森","动作,犯罪,剧情,惊悚","法国,美国,英国",2124586
星球大战前传3：西斯的反击,2005-05-20,8.5,112396,"伊万·麦克格雷格,娜塔莉·波特曼,海登·克里斯滕森","动作,科幻,奇幻,冒险",美国,1309078
黄飞鸿之二：男儿当自强,1992-04-16,8.3,147321,"李连杰,关之琳,甄子丹","剧情,动作,爱情,武侠,古装",中国香港,1293475
少林足球,2001-07-12,8.2,440316,"周星驰,吴孟达,谢贤","动作,喜剧,运动",中国香港,1297747
控方证人,1957-12-17,9.6,628679,"泰隆·鲍华,玛琳·黛德丽,查尔斯·劳顿","剧情,犯罪,悬疑,惊悚",美国,1296141
盗梦空间,2010-09-01,9.4,2179098,"莱昂纳多·迪卡普里奥,约瑟夫·高登-莱维特,艾利奥特·佩吉","剧情,科幻,悬疑,冒险","美国,英国",3541415
控方证人,1982-12-04,9.4,86626,"拉尔夫·理查德森,黛博拉·蔻儿,博·布里奇斯","剧情,犯罪,悬疑","美国,英国",5294851
窃听风暴,2006-03-23,9.2,596711,"乌尔里希·穆埃,马蒂娜·格德克,塞巴斯蒂安·科赫","剧情,悬疑",德国,1900841
红辣椒,2006-09-02,9.1,513391,"林原惠美,江守彻,堀胜之祐","动画,悬疑,科幻,惊悚",日本,1865703
未麻的部屋,1997-08-05,9.1,380535,"岩男润子,松本梨香,辻亲八","剧情,犯罪,动画,悬疑,惊悚",日本,1395091
切腹,1962-09-16,9.4,49757,"仲代达矢,石浜朗,岩下志麻","剧情,动作,悬疑",日本,1304920
搏击俱乐部,1999-09-10,9.0,899879,"爱德华·诺顿,布拉德·皮特,海伦娜·伯翰·卡特","剧情,动作,悬疑,惊悚",美国,1292000
惊魂记,1960-06-16,9.0,323186,"安东尼·博金斯,维拉·迈尔斯,约翰·加文","悬疑,惊悚,恐怖",美国,1293181
禁闭岛,2010-02-13,8.9,1039692,"莱昂纳多·迪卡普里奥,马克·鲁弗洛,本·金斯利","剧情,悬疑,惊悚",美国,2334904
蝴蝶效应,2004-01-23,8.9,995417,"阿什顿·库彻,梅洛拉·沃尔特斯,艾米·斯马特","剧情,悬疑,科幻,惊悚","美国,加拿大",1292343
致命魔术,2006-10-17,8.9,908789,"休·杰克曼,克里斯蒂安·贝尔,迈克尔·凯恩","剧情,悬疑,惊悚","英国,美国",1780330
致命ID,2003-04-25,8.9,881605,"约翰·库萨克,雷·利奥塔,阿曼达·皮特","剧情,悬疑,惊悚",美国,1297192
杀人回忆,2003-05-02,8.9,770501,"宋康昊,金相庆,金雷夏","剧情,动作,犯罪,悬疑,惊悚",韩国,1300299
第六感,1999-08-06,8.9,592202,"布鲁斯·威利斯,海利·乔·奥斯蒙,托妮·科莱特","剧情,悬疑,惊悚",美国,1297630
绿里奇迹,1999-12-10,8.9,357798,"汤姆·汉克斯,大卫·摩斯,迈克·克拉克·邓肯","犯罪,剧情,奇幻,悬疑",美国,1300374
十二怒汉（电视版）,1954-09-20,9.5,26887,"罗伯特·卡明斯,法兰奇·汤恩,爱德华·阿诺德","剧情,犯罪,悬疑",美国,10583098
追随,1998-04-24,8.9,192417,"杰里米·西奥伯德,亚历克斯·霍,露西·拉塞尔","犯罪,悬疑,惊悚",英国,1397546
看不见的客人,2017-09-15,8.8,1350136,"马里奥·卡萨斯,阿娜·瓦格纳,何塞·科罗纳多","剧情,犯罪,悬疑,惊悚",西班牙,26580232
心迷宫,2015-10-16,8.8,566513,"霍卫民,王笑天,罗芸","剧情,犯罪,悬疑",中国大陆,25917973
七宗罪,1995-09-22,8.8,991224,"摩根·弗里曼,布拉德·皮特,凯文·史派西","剧情,犯罪,悬疑,惊悚",美国,1292223
哈利·波特与火焰杯,2005-11-18,8.8,715355,"丹尼尔·雷德克里夫,艾玛·沃森,鲁伯特·格林特","悬疑,奇幻,冒险","英国,美国",1309055
告白,2010-06-05,8.8,702990,"松隆子,冈田将生,木村佳乃","剧情,悬疑",日本,4268598
电话谋杀案,1954-05-29,8.9,142345,"雷·米兰德,格蕾丝·凯利,罗伯特·卡明斯","犯罪,悬疑,惊悚",美国,1301231
谍影重重3,2007-11-15,8.8,441481,"马特·达蒙,朱丽娅·斯蒂尔斯,大卫·斯特雷泽恩","动作,悬疑,惊悚","美国,德国,法国,英国",1578507
神探夏洛克：最后的誓言,2014-01-12,9.0,73096,"本尼迪克特·康伯巴奇,马丁·弗瑞曼,鲁珀特·格雷夫斯","剧情,犯罪,悬疑",英国,25804790
罗生门,1950-08-26,8.8,334601,"三船敏郎,京町子,森雅之","剧情,犯罪,悬疑",日本,1291879
洛城机密,1997-09-19,8.8,157483,"凯文·史派西,罗素·克劳,盖·皮尔斯","剧情,犯罪,悬疑,惊悚",美国,1292348
消失的爱人,2014-09-26,8.7,1012586,"本·阿弗莱克,裴淳华,尼尔·帕特里克·哈里斯","剧情,犯罪,悬疑,惊悚",美国,21318488
恐怖直播,2013-07-31,8.7,689125,"河正宇,李璟荣,全慧珍","剧情,犯罪,悬疑",韩国,21360417
记忆碎片,2000-09-05,8.7,634471,"盖·皮尔斯,凯瑞-安·莫斯,乔·潘托里亚诺","犯罪,剧情,悬疑,惊悚",美国,1304447
电锯惊魂,2004-01-19,8.7,569946,"雷·沃纳尔,加利·艾尔维斯,丹尼·格洛弗","悬疑,惊悚,恐怖",美国,1417598
蓝白红三部曲之红,1994-05-12,8.8,128521,"伊莲娜·雅各布,让-路易·特兰蒂尼昂,弗雷德里奎·费德","剧情,爱情,悬疑","法国,波兰,瑞士",1292047
公民凯恩,1941-09-05,8.8,123887,"奥逊·威尔斯,约瑟夫·科顿,多萝西·康明戈尔","剧情,悬疑",美国,1292288
谍影重重2,2004-11-14,8.7,373284,"马特·达蒙,布莱恩·考克斯,琼·艾伦","动作,悬疑,惊悚","美国,德国",1308767
斯隆女士,2016-11-11,8.8,109182,"杰西卡·查斯坦,古古·姆巴塔-劳,约翰·利思戈","剧情,悬疑","美国,法国",26703158
后窗,1954-08-01,8.7,216038,"詹姆斯·斯图尔特,格蕾丝·凯利,温戴尔·柯瑞","悬疑,惊悚",美国,1299080
迷魂记,1958-05-09,8.7,148076,"詹姆斯·斯图尔特,金·诺瓦克,芭芭拉·贝尔·戈迪斯","爱情,悬疑,惊悚",美国,1297294
血观音,2017-10-15,8.6,484932,"惠英红,吴可熙,文淇","剧情,悬疑",中国台湾,27113517
彗星来的那一夜,2013-09-19,8.6,628944,"艾米丽·芭尔多尼,莫瑞·史特林,尼古拉斯·布兰登","科幻,悬疑,惊悚","美国,英国",25807345
谍影重重,2002-11-21,8.6,453979,"马特·达蒙,弗朗卡·波滕特,克里斯·库珀","动作,悬疑,惊悚","美国,德国,捷克",1304102
赎罪,2008-02-22,8.6,415248,"詹姆斯·麦卡沃伊,西尔莎·罗南,凯拉·奈特莉","剧情,悬疑,爱情,战争","英国,法国",1950148
非常嫌疑犯,1995-01-25,8.6,269503,"史蒂芬·鲍德温,加布里埃尔·伯恩,本尼西奥·德尔·托罗","犯罪,悬疑,惊悚","德国,美国",1292214
误杀瞒天记,2022-04-15,8.6,268363,"阿贾耶·德乌干,塔布,施芮娅·萨兰","剧情,犯罪,悬疑",印度,26419637
大卫·戈尔的一生,2003-02-21,8.6,242511,"凯文·史派西,凯特·温斯莱特,劳拉·琳妮","剧情,犯罪,悬疑","美国,德国,英国,西班牙",1305725
守望者,2009-03-06,8.6,225053,"帕特里克·威尔森,卡拉·古奇诺,比利·克鲁德普","动作,科幻,悬疑",美国,1972698
尼罗河上的惨案,1978-09-29,8.6,173042,"彼得·乌斯蒂诺夫,简·伯金,洛伊丝·奇利斯","剧情,犯罪,悬疑",英国,1302100
东方快车谋杀案,1974-11-24,8.6,163644,"阿尔伯特·芬尼,劳伦·白考尔,马丁·鲍尔萨姆","剧情,犯罪,悬疑",英国,1292699
恐怖游轮,2009-10-16,8.5,923787,"梅利莎·乔治,利亚姆·海姆斯沃斯,迈克尔·多曼","剧情,悬疑,惊悚","英国,澳大利亚",3011051
源代码,2011-08-30,8.5,876514,"杰克·吉伦哈尔,维拉·法米加,米歇尔·莫纳汉","科幻,悬疑,惊悚","美国,加拿大",3075287
神探,2008-02-22,8.5,324502,"刘青云,安志杰,林家栋","动作,犯罪,悬疑,惊悚",中国香港,2027938
网络谜踪,2018-12-14,8.5,542500,"约翰·赵,米切尔·拉,黛博拉·梅辛","剧情,犯罪,悬疑,惊悚","美国,俄罗斯",27615441
小姐,2016-05-14,8.5,514955,"金敏喜,金泰梨,河正宇","剧情,悬疑,情色,同性",韩国,25977027
月球,2009-07-10,8.5,281300,"山姆·洛克威尔,凯文·史派西,多米妮克·麦克艾丽戈特","剧情,科幻,悬疑","英国,美国",3073124
一级恐惧,1996-04-03,8.5,235825,"理查·基尔,爱德华·诺顿,劳拉·琳妮","剧情,犯罪,悬疑",美国,1296217
心理游戏,2004-08-07,8.8,44810,"今田耕司,藤井隆,山口智充","动画,冒险,喜剧,悬疑",日本,1477916
登堂入室,2012-10-10,8.5,176575,"法布莱斯·鲁奇尼,恩斯特·吴默埃,克里斯汀·斯科特·托马斯","剧情,悬疑",法国,6537486
刺杀肯尼迪,1991-12-20,8.8,41721,"凯文·科斯特纳,茜茜·斯派塞克,汤米·李·琼斯","传记,剧情,历史,悬疑,惊悚","美国,法国",1292230
巴斯特·斯克鲁格斯的歌谣,2018-08-31,8.5,144064,"哈利·米尔林,佐伊·卡赞,连姆·尼森","剧情,喜剧,爱情,西部,悬疑,歌舞",美国,26952704
焦土之城,2010-09-03,8.6,75229,"卢巴纳·阿兹巴尔,梅丽莎·德索蒙斯-波林,马克西姆·高德特","剧情,战争,悬疑","加拿大,法国",4935242
王牌对王牌,1998-07-29,8.5,131948,"塞缪尔·杰克逊,凯文·史派西,大卫·摩斯","动作,犯罪,剧情,悬疑,惊悚","美国,德国",1293434
穆赫兰道,2001-05-16,8.4,464605,"娜奥米·沃茨,劳拉·哈灵,安·米勒","剧情,悬疑,惊悚","法国,美国",1292217
卡里加里博士的小屋,1920-02-26,8.9,30555,"维尔纳·克劳斯,康拉德·韦特,弗里德里希·费赫尔","犯罪,悬疑,恐怖",德国,1292547
潜行者,1980-05-13,8.8,37102,"亚历山大·凯伊达诺夫斯基,阿丽萨·弗雷因德利赫,安纳托利·索洛尼岑","剧情,科幻,悬疑",苏联,1295656
电锯惊魂2,2005-10-28,8.4,233398,"托宾·贝尔,肖妮·史密斯,唐尼·沃尔伯格","悬疑,惊悚,恐怖","美国,加拿大",1309045
嫌疑人X的献身,2008-10-04,8.4,218791,"福山雅治,柴崎幸,堤真一","犯罪,剧情,悬疑",日本,2369845
最佳出价,2013-01-01,8.4,205770,"杰弗里·拉什,吉姆·斯特吉斯,西尔维娅·侯克斯","剧情,爱情,悬疑",意大利,7059671
暗花,1998-01-01,8.4,112635,"刘青云,梁朝伟,邵美琪","剧情,动作,犯罪,悬疑",中国香港,1292450
魔鬼代言人,1997-10-17,8.4,175812,"基努·里维斯,阿尔·帕西诺,查理兹·塞隆","剧情,悬疑,惊悚","美国,德国",1298909
换子疑云,2008-10-31,8.4,170004,"安吉丽娜·朱莉,盖特林·格里菲斯,米歇尔·冈","剧情,悬疑,惊悚",美国,2028666
狗镇,2003-05-19,8.4,155856,"妮可·基德曼,哈里特·安德森,劳伦·白考尔","剧情,悬疑,惊悚","丹麦,瑞典,挪威,芬兰,英国,法国,德国,荷兰,意大利",1298759
烈日灼心,2015-08-27,8.3,714726,"邓超,段奕宏,郭涛","剧情,犯罪,悬疑",中国大陆,24719063
飞向太空,1972-03-20,8.7,39303,"纳塔莉亚·邦达尔丘克,多纳塔斯•巴尼奥尼斯,尤里·贾维特","剧情,科幻,悬疑",苏联,1300977
黑洞频率,2000-04-28,8.4,126861,"丹尼斯·奎德,吉姆·卡维泽,肖恩·多伊尔","科幻,犯罪,悬疑",美国,1294183
银翼杀手2049,2017-10-27,8.3,530622,"瑞恩·高斯林,哈里森·福特,安娜·德·阿玛斯","剧情,动作,科幻,悬疑,惊悚","美国,英国,加拿大,西班牙",10512661
超时空接触,1997-07-11,8.4,120251,"朱迪·福斯特,吉娜·马隆,大卫·摩斯","剧情,科幻,悬疑,惊悚",美国,1295647
异次元骇客,1999-05-28,8.4,116432,"克雷格·比尔克,阿明·缪勒-斯塔尔,格瑞辰·摩尔","科幻,悬疑,惊悚","美国,德国",1300282
蓝白红三部曲之白,1994-01-26,8.4,113425,"齐伯尼·查马修瓦斯基,朱莉·德尔佩,扬努斯·加约斯","喜剧,剧情,悬疑,爱情","法国,波兰,瑞士",1292049
老男孩,2003-11-21,8.3,313112,"崔岷植,刘智泰,姜惠贞","剧情,动作,悬疑,惊悚",韩国,1308865
放大,1966-12-18,8.5,54753,"瓦妮莎·雷德格雷夫,莎拉·米尔斯,戴维·海明斯","剧情,悬疑,惊悚","英国,意大利",1310176
调音师,2019-04-03,8.2,967191,"阿尤斯曼·库拉纳,塔布,拉迪卡·艾普特","喜剧,犯罪,悬疑,惊悚",印度,30334073
暴裂无声,2018-04-04,8.2,517456,"宋洋,姜武,袁文康","剧情,犯罪,悬疑",中国大陆,26647117
天才枪手,2017-10-13,8.2,729960,"茱蒂蒙·琼查容苏因,查侬·散顶腾古,依莎亚·贺苏汪","剧情,犯罪,悬疑",泰国,27024903
罪恶之家,2015-09-13,8.3,130109,"大卫·休里斯,米兰达·理查森,苏菲·兰朵","剧情,悬疑",英国,25955491
孤儿怨,2009-07-24,8.2,503785,"维拉·法米加,彼得·萨斯加德,伊莎贝拉·弗尔曼","悬疑,惊悚,恐怖","美国,加拿大,德国,法国",3011308
唐人街,1974-06-20,8.4,67482,"杰克·尼科尔森,费·唐纳薇,约翰·休斯顿","犯罪,剧情,悬疑,惊悚",美国,1293889
西北偏北,1959-07-17,8.3,115376,"加里·格兰特,爱娃·玛丽·森特,詹姆斯·梅森","悬疑,惊悚,冒险",美国,1295872
母亲,2009-05-16,8.3,115224,"金惠子,元斌,晋久","剧情,犯罪,悬疑,惊悚",韩国,3036460
目击者之追凶,2017-03-31,8.2,197289,"庄凯勋,许玮甯,柯佳嬿","犯罪,悬疑,惊悚",中国台湾,11600078
小岛惊魂,2001-08-10,8.2,308608,"妮可·基德曼,菲奥纽拉·弗拉纳根,克里斯托弗·埃克莱斯顿","剧情,悬疑,恐怖","美国,西班牙,法国,意大利",1301459
我，机器人,2004-07-16,8.2,288964,"威尔·史密斯,布里吉特·莫伊纳汉,艾伦·图代克","动作,悬疑,科幻,惊悚","美国,德国",1308843
蝴蝶梦,1940-03-21,8.3,101472,"劳伦斯·奥利弗,琼·芳登,乔治·桑德斯","剧情,爱情,悬疑",美国,1293824
双重赔偿,1944-07-03,8.5,44266,"弗莱德·麦克莫瑞,芭芭拉·斯坦威克,爱德华·罗宾逊","剧情,犯罪,悬疑,惊悚,黑色电影",美国,1293226
我是谁：没有绝对安全的系统,2014-09-25,8.2,256403,"汤姆·希林,埃利亚斯·穆巴里克,沃坦·维尔克·默林","犯罪,悬疑,惊悚",德国,25932086
十二猴子,1995-12-08,8.2,240715,"布鲁斯·威利斯,玛德琳·斯托,布拉德·皮特","科幻,悬疑,惊悚",美国,1298744
热血警探,2007-02-14,8.2,200425,"西蒙·佩吉,尼克·弗罗斯特,马丁·弗瑞曼","喜剧,犯罪,悬疑","英国,法国,美国",1806555
金色梦乡,2010-01-30,8.3,84749,"堺雅人,竹内结子,吉冈秀隆","剧情,悬疑",日本,3660428
利刃出鞘,2019-11-29,8.1,851742,"丹尼尔·克雷格,安娜·德·阿玛斯,克里斯·埃文斯","剧情,喜剧,犯罪,悬疑",美国,30318116
关于我和鬼变成家人的那件事,2022-11-17,8.1,433674,"许光汉,林柏宏,王净","喜剧,悬疑,奇幻,同性",中国台湾,35698284
云图,2013-01-31,8.1,404568,"汤姆·汉克斯,哈莉·贝瑞,吉姆·布劳德本特","剧情,科幻,悬疑","美国,德国,中国香港,新加坡,中国大陆,英国,西班牙",3530403
肖申克的救赎,1994-09-10,9.7,3057271,"蒂姆·罗宾斯,摩根·弗里曼,鲍勃·冈顿","犯罪,剧情",美国,1292052
霸王别姬,1993-07-26,9.6,2258235,"张国荣,张丰毅,巩俐","剧情,爱情,同性","中国大陆,中国香港",1291546
控方证人,1957-12-17,9.6,628680,"泰隆·鲍华,玛琳·黛德丽,查尔斯·劳顿","剧情,犯罪,悬疑,惊悚",美国,1296141
泰坦尼克号,1998-04-03,9.5,2317104,"莱昂纳多·迪卡普里奥,凯特·温斯莱特,比利·赞恩","剧情,爱情,灾难","美国,墨西哥",1292722
阿甘正传,1994-06-23,9.5,2277243,"汤姆·汉克斯,罗宾·怀特,加里·辛尼斯","剧情,爱情",美国,1292720
美丽人生,2020-01-03,9.5,1392561,"罗伯托·贝尼尼,尼可莱塔·布拉斯基,乔治·坎塔里尼","剧情,喜剧,爱情,战争",意大利,1292063
辛德勒的名单,1993-11-30,9.5,1177763,"连姆·尼森,本·金斯利,拉尔夫·费因斯","剧情,历史,战争",美国,1295124
茶馆,1982,9.6,173838,"于是之,郑榕,蓝天野","剧情,历史",中国大陆,1461403
这个杀手不太冷,1994-09-14,9.4,2399928,"让·雷诺,娜塔莉·波特曼,加里·奥德曼","剧情,动作,犯罪","法国,美国",1295644
千与千寻,2019-06-21,9.4,2365926,"柊瑠美,入野自由,夏木真理","剧情,动画,奇幻",日本,1291561
盗梦空间,2010-09-01,9.4,2179098,"莱昂纳多·迪卡普里奥,约瑟夫·高登-莱维特,艾利奥特·佩吉","剧情,科幻,悬疑,冒险","美国,英国",3541415
星际穿越,2014-11-12,9.4,1986684,"马修·麦康纳,安妮·海瑟薇,杰西卡·查斯坦","剧情,科幻,冒险","美国,英国,加拿大",1889243
楚门的世界,1998-06-05,9.4,1842520,"金·凯瑞,劳拉·琳妮,艾德·哈里斯","剧情,科幻",美国,1292064
忠犬八公的故事,2009-06-13,9.4,1458739,"理查·基尔,莎拉·罗默尔,琼·艾伦",剧情,"美国,英国",3011091
大闹天宫,1961,9.4,469438,"邱岳峰,富润生,毕克","剧情,动画,奇幻,古装",中国大陆,1418019
背靠背，脸对脸,1994-09-10,9.5,153607,"牛振华,雷恪生,李强",剧情,"中国大陆,中国香港",1307856
十二怒汉,1957-04-10,9.4,530269,"亨利·方达,马丁·鲍尔萨姆,约翰·菲德勒",剧情,美国,1293182
无间道,2003-09-05,9.3,1452822,"刘德华,梁朝伟,黄秋生","剧情,犯罪,惊悚",中国香港,1307914
海上钢琴师,2019-11-15,9.3,1759779,"蒂姆·罗斯,普路特·泰勒·文斯,比尔·努恩","剧情,音乐",意大利,1292001
末代皇帝,1987-10-04,9.3,949472,"尊龙,陈冲,邬君梅","剧情,传记,历史","英国,意大利,中国大陆,法国",1293172
活着,1994-05-17,9.3,902661,"葛优,巩俐,姜武","剧情,历史,家庭","中国大陆,中国香港",1292365
放牛班的春天,2004-10-16,9.3,1383169,"让-巴蒂斯特·莫尼耶,热拉尔·朱尼奥,弗朗索瓦·贝莱昂","剧情,音乐","法国,瑞士,德国",1291549
鬼子来了,2000-05-12,9.3,664816,"姜文,香川照之,袁丁","剧情,喜剧",中国大陆,1291858
触不可及,2011-11-02,9.3,1194788,"弗朗索瓦·克鲁塞,奥玛·希,安娜·勒尼","剧情,喜剧",法国,6786002
高山下的花环,1985-11-07,9.5,117879,"吕晓禾,唐国强,何伟","剧情,战争",中国大陆,1422283
教父,1972-03-15,9.3,1027540,"马龙·白兰度,阿尔·帕西诺,詹姆斯·肯恩","剧情,犯罪",美国,1291841
熔炉,2011-09-22,9.3,979110,"孔刘,郑有美,金贤秀",剧情,韩国,5912992
指环王3：王者无敌,2004-03-12,9.3,850622,"伊利亚·伍德,西恩·奥斯汀,维果·莫腾森","剧情,动作,奇幻,冒险","美国,新西兰",1291552
乱世佳人,1939-12-15,9.3,732698,"费雯·丽,克拉克·盖博,奥利维娅·德哈维兰","剧情,历史,爱情,战争",美国,1300267
素媛,2013-10-02,9.3,727422,"薛景求,严志媛,李来",剧情,韩国,21937452
钢琴家,2002-05-24,9.3,690090,"阿德里安·布罗迪,托马斯·克莱舒曼,艾米莉娅·福克斯","剧情,传记,战争,音乐","英国,法国,波兰,德国,美国",1296736
海蒂和爷爷,2019-05-16,9.3,687029,"阿努克·斯特芬,布鲁诺·冈茨,昆林·艾格匹","剧情,冒险,家庭","德国,瑞士",25958717
教父2,1974-12-12,9.3,590016,"阿尔·帕西诺,罗伯特·杜瓦尔,黛安·基顿","剧情,犯罪",美国,1299131
三傻大闹宝莱坞,2011-12-08,9.2,1951597,"阿米尔·汗,卡琳娜·卡普尔,马达范","剧情,喜剧,爱情,歌舞",印度,3793023
当幸福来敲门,2008-01-17,9.2,1594203,"威尔·史密斯,贾登·史密斯,坦迪·牛顿","剧情,传记,家庭",美国,1849031
饮食男女,1994-05-13,9.2,663130,"郎雄,杨贵媚,吴倩莲","剧情,家庭","中国台湾,美国",1291818
蝙蝠侠：黑暗骑士,2008-07-14,9.2,1121733,"克里斯蒂安·贝尔,希斯·莱杰,艾伦·艾克哈特","剧情,动作,科幻,犯罪,惊悚","美国,英国",1851857
摩登时代,1936-02-25,9.3,321765,"查理·卓别林,宝莲·高黛,亨利·伯格曼","剧情,喜剧,爱情",美国,1294371
指环王2：双塔奇兵,2003-04-25,9.2,799298,"伊利亚·伍德,西恩·奥斯汀,多米尼克·莫纳汉","剧情,动作,奇幻,冒险","美国,新西兰",1291572
死亡诗社,1989-06-02,9.2,791502,"罗宾·威廉姆斯,罗伯特·肖恩·莱纳德,伊桑·霍克",剧情,美国,1291548
天堂电影院,2021-06-11,9.2,706988,"菲利普·努瓦雷,萨瓦特利·卡西欧,雅克·贝汉","剧情,爱情","意大利,法国",1291828
芙蓉镇,1987-03-05,9.3,160907,"刘晓庆,姜文,郑在石","剧情,爱情",中国大陆,1297880
辩护人,2013-12-18,9.2,622248,"宋康昊,金英爱,吴达洙",剧情,韩国,21937445
穿条纹睡衣的男孩,2008-08-28,9.2,601885,"阿萨·巴特菲尔德,维拉·法米加,卡拉·霍根","剧情,战争","英国,美国",3008247
窃听风暴,2006-03-23,9.2,596711,"乌尔里希·穆埃,马蒂娜·格德克,塞巴斯蒂安·科赫","剧情,悬疑",德国,1900841
横空出世,1999-12-12,9.4,95170,"李雪健,李幼斌,高明","剧情,历史",中国大陆,1464526
小鞋子,1997-02-01,9.2,434613,"默罕默德·阿米尔·纳吉,法拉赫阿米尔·哈什米安,巴哈丽·西迪奇","剧情,儿童,家庭",伊朗,1303021
少年派的奇幻漂流,2012-11-22,9.1,1412013,"苏拉·沙玛,伊尔凡·可汗,拉菲·斯波","剧情,奇幻,冒险","美国,中国台湾,英国,加拿大",1929463
怦然心动,2010-07-26,9.1,1929280,"玛德琳·卡罗尔,卡兰·麦克奥利菲,瑞贝卡·德·莫妮","剧情,喜剧,爱情",美国,3319755
飞屋环游记,2009-08-04,9.1,1401265,"爱德华·阿斯纳,克里斯托弗·普卢默,乔丹·长井","剧情,喜剧,动画,冒险",美国,2129039
七武士,1954-04-26,9.3,212263,"三船敏郎,志村乔,津岛惠子","动作,冒险,剧情",日本,1295399
猫鼠游戏,2003-04-11,9.1,1107149,"莱昂纳多·迪卡普里奥,汤姆·汉克斯,克里斯托弗·沃肯","传记,犯罪,剧情","美国,加拿大",1305487
何以为家,2019-04-29,9.1,1100574,"赞恩·阿尔·拉菲亚,约丹诺斯·希费罗,博鲁瓦蒂夫·特雷杰·班科尔",剧情,"黎巴嫩,美国,法国,塞浦路斯,卡塔尔,英国",30170448
罗马假日,1953-08-20,9.1,992999,"奥黛丽·赫本,格利高里·派克,埃迪·艾伯特","喜剧,剧情,爱情",美国,1293839
闻香识女人,1992-12-23,9.1,946693,"阿尔·帕西诺,克里斯·奥唐纳,詹姆斯·瑞布霍恩",剧情,美国,1298624
指环王1：护戒使者,2002-04-04,9.1,896892,"伊利亚·伍德,西恩·奥斯汀,伊恩·麦克莱恩","剧情,动作,奇幻,冒险","新西兰,美国",1291571
美丽心灵,2001-12-13,9.1,809548,"罗素·克劳,艾德·哈里斯,詹妮弗·康纳利","传记,剧情",美国,1306029
一一,2000-05-14,9.1,438405,"李凯莉,金燕玲,张洋洋","剧情,爱情,家庭","中国台湾,日本",1292434
拯救大兵瑞恩,1998-11-13,9.1,682089,"汤姆·汉克斯,汤姆·塞兹摩尔,爱德华·伯恩斯","剧情,战争",美国,1292849
音乐之声,1965-03-02,9.1,638823,"朱莉·安德鲁斯,克里斯托弗·普卢默,埃琳诺·帕克","剧情,传记,爱情,歌舞",美国,1294408
两杆大烟枪,1998-08-28,9.1,631384,"杰森·弗莱明,德克斯特·弗莱彻,尼克·莫兰","剧情,喜剧,犯罪",英国,1293350
飞越疯人院,1975-11-19,9.1,573417,"杰克·尼科尔森,丹尼·德维托,克里斯托弗·洛伊德",剧情,美国,1292224
南海十三郎,1997-05-15,9.3,88280,"谢君豪,苏玉华,吴绮莉","剧情,传记,爱情",中国香港,1303913
城市之光,1931-01-30,9.3,158308,"查理·卓别林,弗吉尼亚·切瑞尔,佛罗伦斯·李","喜剧,剧情,爱情",美国,1293908
美国往事,1984-02-17,9.1,439948,"罗伯特·德尼罗,詹姆斯·伍兹,伊丽莎白·麦戈文","犯罪,剧情","美国,意大利",1292262
我不是药神,2018-07-05,9.0,2214457,"徐峥,王传君,周一围","剧情,喜剧",中国大陆,26752088
让子弹飞,2010-12-16,9.0,1796074,"姜文,葛优,周润发","剧情,喜剧,动作,西部","中国大陆,中国香港",3742360
狩猎,2012-05-20,9.1,424582,"麦斯·米科尔森,托玛斯·博·拉森,安妮卡·韦德科普",剧情,"丹麦,瑞典",6985810
未麻的部屋,1997-08-05,9.1,380535,"岩男润子,松本梨香,辻亲八","剧情,犯罪,动画,悬疑,惊悚",日本,1395091
摔跤吧！爸爸,2017-05-05,9.0,1645027,"阿米尔·汗,法缇玛·萨那·纱卡,桑亚·玛荷塔","剧情,传记,运动,家庭",印度,26387939
忠犬八公物语,1987-08-01,9.2,206385,"仲代达矢,八千草薰,柳叶敏郎",剧情,日本,1959195
春光乍泄,1997-05-17,9.0,668307,"张国荣,梁朝伟,张震","剧情,爱情,同性","中国香港,日本,韩国",1292679
无人知晓,2004-05-13,9.1,345232,"柳乐优弥,北浦爱,木村飞影",剧情,日本,1292337
完美的世界,1993-11-24,9.1,336479,"凯文·科斯特纳,劳拉·邓恩,克林特·伊斯特伍德","剧情,犯罪",美国,1300992
本杰明·巴顿奇事,2008-12-25,9.0,1039449,"凯特·布兰切特,布拉德·皮特,朱莉娅·奥蒙德","剧情,爱情,奇幻",美国,1485260
搏击俱乐部,1999-09-10,9.0,899880,"爱德华·诺顿,布拉德·皮特,海伦娜·伯翰·卡特","剧情,动作,悬疑,惊悚",美国,1292000
心灵捕手,1997-12-05,9.0,764347,"马特·达蒙,罗宾·威廉姆斯,本·阿弗莱克",剧情,美国,1292656
喜宴,1993-08-04,9.0,393023,"赵文瑄,归亚蕾,郎雄","剧情,喜剧,爱情,同性,家庭","中国台湾,美国",1303037
超脱,2011-04-25,9.0,659772,"阿德里安·布罗迪,马西娅·盖伊·哈登,詹姆斯·肯恩",剧情,美国,5322596
城南旧事,1983,9.1,135201,"沈洁,张丰毅,张闽",剧情,中国大陆,1300894
小森林 夏秋篇,2014-08-30,9.0,447519,"桥本爱,三浦贵大,松冈茉优",剧情,日本,25814705
玛丽和马克思,2009-01-15,9.0,437293,"托妮·科莱特,菲利普·塞默·霍夫曼,巴瑞·哈姆弗莱斯","剧情,喜剧,动画","澳大利亚,美国",3072124
绿皮书,2019-03-01,8.9,1754118,"维果·莫腾森,马赫沙拉·阿里,琳达·卡德里尼","剧情,喜剧,传记,音乐","美国,中国大陆",27060077
教父3,1990-12-25,9.0,400190,"阿尔·帕西诺,黛安·基顿,塔莉娅·夏尔","剧情,犯罪",美国,1294240
小森林 冬春篇,2015-02-14,9.0,398143,"桥本爱,三浦贵大,松冈茉优",剧情,日本,25814707
我是山姆,2001-12-03,9.0,356046,"西恩·潘,达科塔·范宁,米歇尔·菲佛","剧情,家庭",美国,1306861
无间道(正序版),2006,9.2,79703,"刘德华,梁朝伟,黎明","剧情,犯罪",中国香港,4860078
情书,1995-03-25,8.9,1192840,"中山美穗,丰川悦司,酒井美纪","剧情,爱情",日本,1292220
甜蜜蜜,2015-02-13,8.9,610556,"黎明,张曼玉,杨恭如","剧情,爱情",中国香港,1305164
禁闭岛,2010-02-13,8.9,1039692,"莱昂纳多·迪卡普里奥,马克·鲁弗洛,本·金斯利","剧情,悬疑,惊悚",美国,2334904
西西里的美丽传说,2000-10-27,8.9,1030908,"莫妮卡·贝鲁奇,朱塞佩·苏尔法罗,Luciano Federico","剧情,战争,情色","意大利,美国",1292402
布达佩斯大饭店,2014-02-06,8.9,1006581,"拉尔夫·费因斯,托尼·雷沃罗利,阿德里安·布罗迪","剧情,喜剧,冒险","美国,德国,英国",11525673
蝴蝶效应,2004-01-23,8.9,995417,"阿什顿·库彻,梅洛拉·沃尔特斯,艾米·斯马特","剧情,悬疑,科幻,惊悚","美国,加拿大",1292343
生活多美好,1946-12-20,9.3,106482,"詹姆斯·斯图尔特,唐娜·里德,莱昂纳尔·巴里摩尔","剧情,爱情,奇幻",美国,1293749
沉默的羔羊,1991-02-14,8.9,947879,"朱迪·福斯特,安东尼·霍普金斯,斯科特·格伦","剧情,犯罪,惊悚",美国,1293544
上帝之城,2002-05-18,9.0,315283,"亚历桑德雷·罗德里格斯,莱安德鲁·菲尔米诺,菲利佩·哈根森","犯罪,剧情","巴西,法国",1292208
致命魔术,2006-10-17,8.9,908789,"休·杰克曼,克里斯蒂安·贝尔,迈克尔·凯恩","剧情,悬疑,惊悚","英国,美国",1780330
控方证人,1982-12-04,9.4,86626,"拉尔夫·理查德森,黛博拉·蔻儿,博·布里奇斯","剧情,犯罪,悬疑","美国,英国",5294851
低俗小说,1994-05-12,8.9,890620,"约翰·特拉沃尔塔,乌玛·瑟曼,阿曼达·普拉莫","剧情,喜剧,犯罪",美国,1291832
致命ID,2003-04-25,8.9,881605,"约翰·库萨克,雷·利奥塔,阿曼达·皮特","剧情,悬疑,惊悚",美国,1297192
霸王别姬,1993-07-26,9.6,2258235,"张国荣,张丰毅,巩俐","剧情,爱情,同性","中国大陆,中国香港",1291546
泰坦尼克号,1998-04-03,9.5,2317104,"莱昂纳多·迪卡普里奥,凯特·温斯莱特,比利·赞恩","剧情,爱情,灾难","美国,墨西哥",1292722
阿甘正传,1994-06-23,9.5,2277243,"汤姆·汉克斯,罗宾·怀特,加里·辛尼斯","剧情,爱情",美国,1292720
美丽人生,2020-01-03,9.5,1392561,"罗伯托·贝尼尼,尼可莱塔·布拉斯基,乔治·坎塔里尼","剧情,喜剧,爱情,战争",意大利,1292063
乱世佳人,1939-12-15,9.3,732698,"费雯·丽,克拉克·盖博,奥利维娅·德哈维兰","剧情,历史,爱情,战争",美国,1300267
摩登时代,1936-02-25,9.3,321765,"查理·卓别林,宝莲·高黛,亨利·伯格曼","剧情,喜剧,爱情",美国,1294371
大话西游之大圣娶亲,2014-10-24,9.2,1608593,"周星驰,吴孟达,朱茵","喜剧,爱情,奇幻,古装","中国香港,中国大陆",1292213
三傻大闹宝莱坞,2011-12-08,9.2,1951597,"阿米尔·汗,卡琳娜·卡普尔,马达范","剧情,喜剧,爱情,歌舞",印度,3793023
芙蓉镇,1987-03-05,9.3,160907,"刘晓庆,姜文,郑在石","剧情,爱情",中国大陆,1297880
天堂电影院,2021-06-11,9.2,706988,"菲利普·努瓦雷,萨瓦特利·卡西欧,雅克·贝汉","剧情,爱情","意大利,法国",1291828
南海十三郎,1997-05-15,9.3,88280,"谢君豪,苏玉华,吴绮莉","剧情,传记,爱情",中国香港,1303913
城市之光,1931-01-30,9.3,158308,"查理·卓别林,弗吉尼亚·切瑞尔,佛罗伦斯·李","喜剧,剧情,爱情",美国,1293908
怦然心动,2010-07-26,9.1,1929280,"玛德琳·卡罗尔,卡兰·麦克奥利菲,瑞贝卡·德·莫妮","剧情,喜剧,爱情",美国,3319755
哈尔的移动城堡,2024-04-30,9.1,1166109,"倍赏千惠子,木村拓哉,美轮明宏","爱情,动画,奇幻,冒险",日本,1308807
罗马假日,1953-08-20,9.1,992999,"奥黛丽·赫本,格利高里·派克,埃迪·艾伯特","喜剧,剧情,爱情",美国,1293839
一一,2000-05-14,9.1,438405,"李凯莉,金燕玲,张洋洋","剧情,爱情,家庭","中国台湾,日本",1292434
音乐之声,1965-03-02,9.1,638823,"朱莉·安德鲁斯,克里斯托弗·普卢默,埃琳诺·帕克","剧情,传记,爱情,歌舞",美国,1294408
生活多美好,1946-12-20,9.3,106482,"詹姆斯·斯图尔特,唐娜·里德,莱昂纳尔·巴里摩尔","剧情,爱情,奇幻",美国,1293749
大话西游之月光宝盒,2014-10-24,9.0,1281408,"周星驰,吴孟达,罗家英","喜剧,爱情,奇幻,古装","中国香港,中国大陆",1299398
春光乍泄,1997-05-17,9.0,668307,"张国荣,梁朝伟,张震","剧情,爱情,同性","中国香港,日本,韩国",1292679
灿烂人生,2003-05-20,9.4,76817,"路易吉·洛·卡肖,阿莱西奥·博尼,索尼娅·贝加马斯科","剧情,爱情,家庭",意大利,1291831
本杰明·巴顿奇事,2008-12-25,9.0,1039449,"凯特·布兰切特,布拉德·皮特,朱莉娅·奥蒙德","剧情,爱情,奇幻",美国,1485260
雨中曲,1952-04-11,9.1,245087,"吉恩·凯利,唐纳德·奥康纳,黛比·雷诺斯","喜剧,歌舞,爱情",美国,1293460
喜宴,1993-08-04,9.0,393023,"赵文瑄,归亚蕾,郎雄","剧情,喜剧,爱情,同性,家庭","中国台湾,美国",1303037
牧马人,1982,9.1,92428,"朱时茂,丛珊,刘琼","剧情,爱情",中国大陆,1308038
莫娣,2016-09-02,9.1,146726,"莎莉·霍金斯,伊桑·霍克,卡瑞·玛切特","剧情,传记,爱情","爱尔兰,加拿大",25938803
情书,1995-03-25,8.9,1192840,"中山美穗,丰川悦司,酒井美纪","剧情,爱情",日本,1292220
甜蜜蜜,2015-02-13,8.9,610556,"黎明,张曼玉,杨恭如","剧情,爱情",中国香港,1305164
爱在日落黄昏时,2004-02-10,8.9,602189,"伊桑·霍克,朱莉·德尔佩,弗农·多布切夫","剧情,爱情","美国,法国",1291990
侧耳倾听,1995-07-15,8.9,492037,"本名阳子,小林桂树,高山南","剧情,爱情,动画",日本,1297052
爱在午夜降临前,2013-06-14,8.9,434319,"伊桑·霍克,朱莉·德尔佩,肖姆斯·戴维-菲茨帕特里克","剧情,爱情","美国,希腊",10808442
我爱你,2011-02-17,9.0,170838,"宋在浩,李顺载,尹秀晶","剧情,爱情",韩国,5908478
沉静如海,2004-10-25,9.1,102686,"朱莉·德拉姆,米歇尔·加拉布吕,托马斯·儒阿特","剧情,爱情,战争","法国,比利时",1769507
老友记重聚特辑,2021-05-27,9.2,76503,"詹妮弗·安妮斯顿,柯特妮·考克斯,马修·派瑞","喜剧,爱情",美国,34908189
喜剧之王,1999-02-13,8.8,1022892,"周星驰,张柏芝,莫文蔚","喜剧,剧情,爱情",中国香港,1302425
重庆森林,1994-07-14,8.8,862337,"林青霞,金城武,梁朝伟","剧情,爱情",中国香港,1291999
倩女幽魂,2011-04-30,8.8,774943,"张国荣,王祖贤,午马","爱情,奇幻,武侠,古装",中国香港,1297447
花样年华,2000-05-20,8.8,654830,"梁朝伟,张曼玉,潘迪华","剧情,爱情",中国香港,1291557
阳光灿烂的日子,1995-08-21,8.8,649498,"夏雨,宁静,陶虹","剧情,爱情","中国大陆,中国香港",1291875
请以你的名字呼唤我,2017-01-22,8.8,771040,"艾米·汉莫,提莫西·查拉梅,迈克尔·斯图巴","剧情,爱情,同性","意大利,法国,巴西,美国",26799731
断背山,2005-09-02,8.8,740166,"希斯·莱杰,杰克·吉伦哈尔,米歇尔·威廉姆斯","剧情,爱情,同性,家庭","美国,加拿大",1418834
爱在黎明破晓前,1995-01-27,8.8,733990,"伊桑·霍克,朱莉·德尔佩,安德莉亚·埃克特","剧情,爱情","美国,奥地利,瑞士",1296339
时空恋旅人,2013-09-04,8.8,726567,"多姆纳尔·格里森,瑞秋·麦克亚当斯,比尔·奈伊","喜剧,爱情,奇幻","英国,美国",10577869
幸福终点站,2005-01-14,8.8,604042,"汤姆·汉克斯,凯瑟琳·泽塔-琼斯,斯坦利·图齐","喜剧,剧情,爱情",美国,1292274
大鱼,2003-12-04,8.8,595473,"伊万·麦克格雷格,阿尔伯特·芬尼,比利·克鲁德普","剧情,爱情,奇幻,冒险",美国,1291545
萤火之森,2011-09-17,8.8,572897,"佐仓绫音,内山昂辉,辻亲八","剧情,爱情,动画,奇幻",日本,5989818
东邪西毒：终极版,2009-03-26,8.8,211077,"张国荣,林青霞,梁朝伟","剧情,动作,爱情","中国香港,中国大陆,中国台湾",3726072
淘金记,1925-06-26,9.2,63273,"查理·卓别林,马克·斯旺,汤姆·默里","喜剧,爱情,西部,冒险",美国,1298817
魂断蓝桥,1940-05-17,8.8,293711,"费雯·丽,罗伯特·泰勒,露塞尔·沃特森","剧情,爱情,战争",美国,1293964
千年女优,2001-07-28,8.8,292284,"庄司美代子,小山茉美,折笠富美子","动画,剧情,爱情",日本,1307394
唐伯虎点秋香,1993-07-01,8.7,1144638,"周星驰,巩俐,陈百祥","喜剧,爱情,古装",中国香港,1306249
色，戒,2007-11-01,8.7,881718,"梁朝伟,汤唯,陈冲","剧情,爱情,情色","中国台湾,中国大陆,美国,中国香港",1828115
剪刀手爱德华,1990-12-06,8.7,1076074,"约翰尼·德普,薇诺娜·瑞德,黛安·韦斯特","剧情,爱情,奇幻",美国,1292370
天使爱美丽,2001-04-25,8.7,984891,"奥黛丽·塔图,马修·卡索维茨,吕菲斯","剧情,喜剧,爱情","法国,德国",1292215
傲慢与偏见,2005-09-16,8.7,855034,"凯拉·奈特莉,马修·麦克费登,唐纳德·萨瑟兰","剧情,爱情","法国,英国,美国",1418200
新龙门客栈,2012-02-24,8.7,471549,"张曼玉,林青霞,梁家辉","动作,爱情,武侠,古装","中国香港,中国大陆",1292287
横道世之介,2013-02-23,8.8,182519,"高良健吾,吉高由里子,池松壮亮","剧情,爱情",日本,10484041
你逃我也逃,1942-03-06,9.2,53279,"卡洛·朗白,杰克·本尼,罗伯特·斯塔克","喜剧,爱情,战争",美国,1303418
悲惨世界,2013-02-28,8.7,351037,"休·杰克曼,罗素·克劳,安妮·海瑟薇","剧情,爱情,歌舞","英国,美国",6860160
燃情岁月,1994-12-16,8.7,301148,"布拉德·皮特,安东尼·霍普金斯,艾丹·奎因","剧情,爱情,战争,西部",美国,1295865
同级生,2016-02-20,9.1,59784,"野岛健儿,神谷浩史,石川英郎","爱情,动画,同性",日本,26344688
廊桥遗梦,1995-06-02,8.7,243704,"克林特·伊斯特伍德,梅丽尔·斯特里普,安妮·科利","剧情,爱情",美国,1293929
东邪西毒,1994-09-17,8.6,602821,"张国荣,林青霞,梁朝伟","剧情,动作,爱情,武侠,古装","中国香港,中国台湾",1292328
青蛇,1993-11-04,8.6,555888,"张曼玉,王祖贤,赵文卓","剧情,爱情,奇幻,古装","中国香港,中国大陆",1303394
燃烧女子的肖像,2019-05-19,8.7,232692,"诺米·梅兰特,阿黛拉·哈内尔,卢安娜·巴杰拉米","剧情,爱情,同性",法国,30257175
卡萨布兰卡,1943-07-07,8.7,231112,"亨弗莱·鲍嘉,英格丽·褒曼,保罗·亨雷德","剧情,爱情,战争",美国,1296753
蓝白红三部曲之红,1994-05-12,8.8,128521,"伊莲娜·雅各布,让-路易·特兰蒂尼昂,弗雷德里奎·费德","剧情,爱情,悬疑","法国,波兰,瑞士",1292047
贫民窟的百万富翁,2009-03-26,8.6,775178,"戴夫·帕特尔,沙鲁巴·舒克拉,亚尼·卡普尔","剧情,爱情",英国,2209573
花束般的恋爱,2022-02-22,8.6,711505,"菅田将晖,有村架纯,细田佳央太","剧情,爱情",日本,34874432
朗读者,2008-12-10,8.6,470438,"凯特·温斯莱特,大卫·克劳斯,拉尔夫·费因斯","剧情,爱情","美国,德国",2213597
恋恋风尘,1987-09-13,8.7,101510,"李天禄,辛树芬,王晶文","剧情,爱情",中国台湾,1292330
再次出发之纽约遇见你,2015-06-26,8.6,447728,"凯拉·奈特莉,马克·鲁弗洛,亚当·莱文","喜剧,爱情,音乐",美国,6874403
赎罪,2008-02-22,8.6,415248,"詹姆斯·麦卡沃伊,西尔莎·罗南,凯拉·奈特莉","剧情,悬疑,爱情,战争","英国,法国",1950148
穿越时空的少女,2006-07-15,8.6,391388,"仲里依纱,石田卓也,板仓光隆","剧情,爱情,科幻,动画",日本,1937946
婚姻故事,2020-05-20,8.6,323800,"斯嘉丽·约翰逊,亚当·德赖弗,劳拉·邓恩","剧情,爱情","英国,美国",27202818
哀乐中年,1949,9.3,20905,"石挥,朱嘉琛,沈扬","剧情,爱情,家庭",中国大陆,4719384
迷魂记,1958-05-09,8.7,148076,"詹姆斯·斯图尔特,金·诺瓦克,芭芭拉·贝尔·戈迪斯","爱情,悬疑,惊悚",美国,1297294
莫里斯,1987-09-05,8.8,93686,"詹姆斯·维尔比,休·格兰特,鲁珀特·格雷夫斯","剧情,爱情,同性",英国,1293456
你的名字。,2016-12-02,8.5,1500332,"神木隆之介,上白石萌音,长泽雅美","剧情,爱情,动画",日本,26683290
阮玲玉,1991-11-29,8.6,127678,"张曼玉,梁家辉,秦汉","传记,剧情,爱情",中国香港,1293414
初恋这件小事,2012-06-05,8.5,1012539,"平采娜·乐维瑟派布恩,马里奥·毛瑞尔,苏达拉·布查蓬","剧情,喜剧,爱情",泰国,4739952
阿飞正传,2018-06-25,8.5,539422,"张国荣,张曼玉,刘嘉玲","犯罪,剧情,爱情",中国香港,1305690
土拨鼠之日,1993-02-12,8.6,224467,"比尔·默瑞,安迪·麦克道威尔,克里斯·艾略特","剧情,喜剧,爱情,奇幻",美国,1300613
真爱至上,2003-09-07,8.5,767929,"休·格兰特,连姆·尼森,科林·费尔斯","喜剧,剧情,爱情","英国,美国,法国",1292401
面子,2004-09-12,8.8,87195,"杨雅慧,陈冲,陈凌","剧情,喜剧,爱情,同性",美国,1421278
恋恋笔记本,2004-06-25,8.5,709540,"瑞恩·高斯林,瑞秋·麦克亚当斯,吉娜·罗兰兹","剧情,爱情",美国,1309163
梁祝,1994-08-13,8.6,113078,"吴奇隆,杨采妮,徐锦江","剧情,爱情,奇幻,古装",中国香港,1310159
胭脂扣,1987-12-05,8.5,309234,"梅艳芳,张国荣,万梓良","剧情,爱情,奇幻",中国香港,1299288
家有喜事,1992-01-25,8.5,300627,"张国荣,周星驰,张曼玉","剧情,喜剧,爱情,家庭",中国香港,1300064
小城之春,1948,8.7,63823,"李纬,韦伟,石羽","剧情,爱情",中国大陆,1323746
红高粱,1988-10-10,8.5,284868,"巩俐,姜文,滕汝骏","剧情,历史,爱情,战争",中国大陆,1306505
野草莓,1957-12-26,8.8,79035,"维克多·斯约斯特洛姆,毕比·安德松,英格丽·图林","剧情,爱情,家庭",瑞典,1293071
笑傲江湖2：东方不败,1992-06-26,8.5,220224,"李连杰,林青霞,关之琳","剧情,爱情,武侠,古装",中国香港,1294417
福尔摩斯二世,1924-04-21,9.4,29834,"巴斯特·基顿,凯瑟琳·麦奎尔,乔·基顿","喜剧,动作,爱情",美国,1303408
美国丽人,1999-09-08,8.5,342312,"凯文·史派西,安妮特·贝宁,索拉·伯奇","剧情,爱情,家庭",美国,1292062
岁月的童话,1991-07-20,8.6,149497,"今井美树,柳叶敏郎,本名阳子","剧情,爱情,动画",日本,1291588
碧海蓝天,1988-05-11,8.6,148672,"让-马克·巴尔,让·雷诺,罗姗娜·阿奎特","剧情,爱情","法国,意大利",1300960
不一样的天空,1993-12-17,8.6,146169,"约翰尼·德普,莱昂纳多·迪卡普里奥,朱丽叶特·刘易斯","剧情,爱情,家庭",美国,1301617
英国病人,1996-12-06,8.5,283057,"拉尔夫·费因斯,朱丽叶·比诺什,威廉·达福","爱情,剧情,战争","美国,英国",1291853
暖暖内含光,2004-03-19,8.5,277230,"金·凯瑞,凯特·温斯莱特,伊利亚·伍德","剧情,爱情,科幻",美国,1308777
惊魂记,1960-06-16,9.0,323187,"安东尼·博金斯,维拉·迈尔斯,约翰·加文","悬疑,惊悚,恐怖",美国,1293181
电锯惊魂,2004-01-19,8.7,569946,"雷·沃纳尔,加利·艾尔维斯,丹尼·格洛弗","悬疑,惊悚,恐怖",美国,1417598
卡里加里博士的小屋,1920-02-26,8.9,30555,"维尔纳·克劳斯,康拉德·韦特,弗里德里希·费赫尔","犯罪,悬疑,恐怖",德国,1292547
电锯惊魂2,2005-10-28,8.4,233398,"托宾·贝尔,肖妮·史密斯,唐尼·沃尔伯格","悬疑,惊悚,恐怖","美国,加拿大",1309045
闪灵,1980-05-23,8.3,542876,"杰克·尼科尔森,谢莉·杜瓦尔,丹尼·劳埃德",恐怖,"英国,美国",1292225
生化危机,2002-03-15,8.3,384154,"米拉·乔沃维奇,米歇尔·罗德里格兹,科林·萨蒙","动作,科幻,恐怖","英国,德国,法国,美国,加拿大",1306809
异形,1979-05-25,8.3,280903,"西格妮·韦弗,汤姆·斯凯里特,维罗尼卡·卡维特","科幻,惊悚,恐怖","英国,美国",1300868
怪谈,1964-12-29,8.6,26300,"新珠三千代,渡边美佐子,三国连太郎","剧情,奇幻,恐怖",日本,1303083
孤儿怨,2009-07-24,8.2,503785,"维拉·法米加,彼得·萨斯加德,伊莎贝拉·弗尔曼","悬疑,惊悚,恐怖","美国,加拿大,德国,法国",3011308
小岛惊魂,2001-08-10,8.2,308608,"妮可·基德曼,菲奥纽拉·弗拉纳根,克里斯托弗·埃克莱斯顿","剧情,悬疑,恐怖","美国,西班牙,法国,意大利",1301459
摄影机不要停！,2017-11-04,8.2,202596,"滨津隆之,真鱼,主浜晴美","喜剧,恐怖",日本,30234315
潜伏2,2013-09-13,8.2,129962,"帕特里克·威尔森,罗丝·伯恩,泰·辛普金斯","惊悚,恐怖","美国,加拿大",10485526
僵尸叔叔,1988-12-22,8.2,46072,"午马,钱嘉乐,李丽珍","喜剧,恐怖",中国香港,1302393
回魂夜,1995-07-06,8.1,255592,"周星驰,莫文蔚,梁家仁","喜剧,奇幻,恐怖",中国香港,1299765
罗斯玛丽的婴儿,1968-06-12,8.2,75015,"米娅·法罗,约翰·卡萨韦蒂斯,鲁思·戈登","剧情,恐怖",美国,1293852
招魂,2013-06-08,8.1,366865,"维拉·法米加,帕特里克·威尔森,莉莉·泰勒","悬疑,惊悚,恐怖",美国,3804629
迷雾,2007-11-21,8.1,353775,"托马斯·简,马西娅·盖伊·哈登,劳瑞·侯登","科幻,惊悚,恐怖",美国,1945330
怪形,1982-06-25,8.2,65654,"库尔特·拉塞尔,威尔福德·布利姆雷,TK·卡特","科幻,悬疑,恐怖",美国,1296794
电锯惊魂3,2006-10-27,8.1,183971,"托宾·贝尔,肖妮·史密斯,安古斯·麦克菲登","悬疑,惊悚,恐怖","美国,加拿大",1474189
万能钥匙,2005-07-29,8.0,388989,"凯特·哈德森,吉娜·罗兰兹,约翰·赫特","剧情,悬疑,恐怖","美国,德国",1418752
僵尸,2013-08-30,8.0,201277,"钱小豪,惠英红,鲍起静",恐怖,中国香港,22715021
生化危机2：启示录,2004-09-10,8.0,286958,"米拉·乔沃维奇,西耶娜·盖尔利,奥德·菲尔","动作,科幻,恐怖","德国,法国,英国,加拿大,美国",1308752
一眉道人,1989-07-26,8.0,52844,"林正英,钱小豪,吴君如","动作,喜剧,恐怖,奇幻",中国香港,1472783
圣血,1989,8.6,12341,"阿克塞尔·佐杜洛夫斯基,布兰卡·格拉,盖·斯托克维尔","剧情,奇幻,恐怖","墨西哥,意大利",1295255
死神来了,2000-03-17,7.9,351750,"戴文·萨瓦,艾丽·拉特,科尔·史密斯","惊悚,恐怖","美国,加拿大",1300300
死寂,2007-03-16,7.9,303423,"唐尼·沃尔伯格,安贝·瓦莱塔,瑞恩·柯万腾","悬疑,恐怖",美国,1895120
解除好友2：暗网,2018-03-09,7.9,218856,"科林·伍德尔,斯蒂芬妮·诺格拉斯,贝蒂·加布里埃尔","犯罪,恐怖",美国,26725678
招魂2,2016-06-10,7.9,209191,"帕特里克·威尔森,维拉·法米加,麦迪逊·沃尔夫","剧情,悬疑,恐怖","加拿大,美国,英国",24860563
潜伏,2010-09-14,7.9,174922,"罗丝·伯恩,帕特里克·威尔森,泰·辛普金斯","惊悚,恐怖","美国,加拿大",4817901
着魔,1981-05-25,8.0,51356,"伊莎贝尔·阿佳妮,山姆·尼尔,玛吉特·卡斯滕森","剧情,恐怖","法国,西德",1297203
美国精神病人,2000-01-21,7.9,114099,"克里斯蒂安·贝尔,贾斯汀·塞洛克斯,乔什·卢卡斯","剧情,犯罪,恐怖","美国,加拿大",1301715
电锯惊魂6,2009-10-23,7.9,113556,"托宾·贝尔,科斯塔斯·曼迪勒,马克·罗斯顿","悬疑,惊悚,恐怖","美国,加拿大",3075983
X圣治,1997-11-06,8.2,21522,"役所广司,萩原圣人,氏木毅","犯罪,恐怖,悬疑,惊悚",日本,1304665
新僵尸先生,1992-08-08,7.9,47397,"钱小豪,林正英,许冠英","喜剧,动作,恐怖",中国香港,1305789
逃出绝命镇,2017-01-23,7.8,408282,"丹尼尔·卡卢亚,艾莉森·威廉姆斯,凯瑟琳·基纳","悬疑,惊悚,恐怖",美国,26688480
我左眼见到鬼,2002-07-13,7.8,100406,"郑秀文,刘青云,应采儿","喜剧,恐怖,家庭,爱情",中国香港,1299374
理发师陶德,2007-12-21,7.8,154740,"约翰尼·德普,海伦娜·伯翰·卡特,艾伦·瑞克曼","剧情,恐怖,歌舞","美国,英国",1820145
诺斯费拉图,1922-03-04,8.2,18075,"马科斯·夏瑞克,古斯塔·冯·瓦根海姆,格里塔·斯楚瑞德","奇幻,恐怖",德国,1296791
电锯惊魂4,2007-10-26,7.8,129631,"托宾·贝尔,科斯塔斯·曼迪勒,斯科特·帕特森","悬疑,惊悚,恐怖","美国,加拿大",1922273
电锯惊魂5,2008-10-24,7.8,116639,"托宾·贝尔,科斯塔斯·曼迪勒,斯科特·帕特森","悬疑,惊悚,恐怖","美国,加拿大",2350904
电锯惊魂7,2010-10-29,7.8,109635,"托宾·贝尔,科斯塔斯·曼迪勒,贝茜·拉塞尔","悬疑,惊悚,恐怖","美国,加拿大",3878157
吸血鬼生活,2014-02-12,7.9,38766,"杰梅奈·克莱门特,塔伊加·维迪提,乔尼·布鲁","喜剧,奇幻,恐怖","新西兰,美国",25794230
黑太阳731,1988-12-01,7.9,21075,"田介夫,刘旭辉,梅兆华","剧情,历史,恐怖,战争",中国香港,1401124
寂静岭,2006-04-21,7.7,296938,"拉达·米切尔,祖蒂·弗兰,肖恩·宾","悬疑,恐怖","加拿大,法国",1466007
咒怨 录像带版,2000-03-18,8.0,24640,"藤贵子,大家由祐子,柳忧怜","恐怖,悬疑",日本,1461079
惊情四百年,1992-11-13,7.7,168031,"加里·奥德曼,薇诺娜·瑞德,安东尼·霍普金斯","爱情,奇幻,恐怖","英国,美国",1293124
鬼影,2004-09-09,7.7,128401,"阿南达·爱华灵咸,娜特慧兰·塔美,阿西塔·西卡玛娜","悬疑,惊悚,恐怖",泰国,1773217
断头谷,1999-11-19,7.7,124053,"约翰尼·德普,克里斯蒂娜·里奇,米兰达·理查森","悬疑,奇幻,恐怖","美国,德国,英国",1296078
死亡之夜,1945-09-04,8.8,6924,"默文·约翰斯,罗兰·卡尔弗,玛丽·梅罗尔","恐怖,悬疑,惊悚",英国,1305323
异形4,1997-11-06,7.7,109441,"西格妮·韦弗,薇诺娜·瑞德,多米尼克·皮侬","动作,科幻,恐怖",美国,1299153
驱魔人,1973-12-26,7.7,84973,"艾伦·伯斯汀,马克斯·冯·叙多夫,李·科布",恐怖,美国,1293755
群尸玩过界,1992-08-13,7.8,41125,"蒂莫西·贝尔米,黛安娜·培耶,伊丽莎白·穆迪","喜剧,恐怖",新西兰,1300377
刑房,2007-04-06,7.8,40465,"库尔特·拉塞尔,罗莎里奥·道森,罗丝·麦高恩","动作,恐怖,惊悚",美国,1482090
暗夜恐惧,2008-02-13,8.0,19821,"妮可·加西亚,路易莎·皮里,萨拉-劳雷·伊斯拉奈特","动画,剧情,恐怖,悬疑",法国,2377539
阴阳师,2001-10-06,7.8,38204,"野村万斋,伊藤英明,今井绘理子","动作,奇幻,剧情,恐怖",日本,1303917
科学怪狗,2012-10-05,7.7,64439,"马丁·肖特,凯瑟琳·欧哈拉,马丁·兰道","喜剧,科幻,动画,恐怖",美国,2336783
僵尸世界大战,2013-06-02,7.6,321498,"布拉德·皮特,米瑞·伊诺丝,马修·福克斯","动作,科幻,恐怖","美国,英国,马耳他",2132473
汉江怪物,2007-03-06,7.6,310308,"宋康昊,边希峰,朴海日","剧情,动作,科幻,恐怖",韩国,1763134
鬼打鬼,1980-12-24,7.7,34737,"洪金宝,钟发,林正英","动作,喜剧,奇幻,恐怖",中国香港,1422908
林中小屋,2012-03-09,7.6,257244,"克里斯汀·康奈利,克里斯·海姆斯沃斯,安娜·哈彻森",恐怖,美国,3143676
故事的故事,2015-05-14,7.7,60017,"萨尔玛·海耶克,文森特·卡塞尔,托比·琼斯","剧情,奇幻,恐怖","意大利,法国,英国",25767747
僵尸肖恩,2004-04-09,7.6,214419,"西蒙·佩吉,尼克·弗罗斯特,凯特·阿什菲尔德","喜剧,恐怖","英国,法国,美国",1308755
幻影凶间,2007-06-22,7.6,173254,"约翰·库萨克,塞缪尔·杰克逊,托尼·夏尔赫布","悬疑,奇幻,恐怖",美国,1793903
咒怨,2002-10-18,7.6,166998,"奥菜惠,伊东美咲,上原美佐","恐怖,悬疑",日本,1306808
双宝斗恶魔,2010-01-22,7.7,51540,"泰勒·莱伯恩,艾伦·图代克,卡特里娜·宝登","喜剧,恐怖","加拿大,英国,美国,印度",4180445
午夜凶铃,1998-01-31,7.6,133090,"松岛菜菜子,真田广之,竹内结子","悬疑,恐怖",日本,1307696
无名女尸,2016-09-09,7.6,129253,"埃米尔·赫斯基,布莱恩·考克斯,奥菲利亚·拉维邦德",恐怖,英国,26339213
黑暗侵袭,2005-07-08,7.6,117347,"肖娜·麦克唐纳,娜塔莉·杰克逊·门多萨,阿里克斯·瑞德","惊悚,冒险,恐怖","英国,法国",1437109
生化危机：诅咒,2012-09-25,7.7,46259,"马修·默瑟,戴夫·维滕博格,柯特奈·泰勒","动作,科幻,动画,惊悚,恐怖",日本,5346468
死亡录像,2007-08-29,7.6,86566,"曼努埃拉·贝拉斯科,费兰·特拉萨,乔治·塞拉诺",恐怖,西班牙,2255841
极度深寒,1998-01-30,7.6,73107,"特里特·威廉斯,法米克·詹森,安东尼·希尔德","动作,科幻,恐怖","美国,加拿大",1293515
战栗黑洞,1994-12-10,7.8,25274,"山姆·尼尔,朱莉·卡门,尤尔根·普洛斯诺","悬疑,奇幻,恐怖",美国,1303460
橡皮头,1977-09-28,7.9,18669,"杰克·南斯,夏洛特·斯图尔特,珍妮·贝茨","奇幻,恐怖",美国,1293925
入侵脑细胞,2000-08-17,7.6,63408,"詹妮弗·洛佩兹,文斯·沃恩,文森特·多诺费奥","科幻,惊悚,恐怖","美国,德国",1293171
咒怨2,2003-05-16,7.6,59612,"酒井法子,葛山信吾,水木薫",恐怖,日本,1308554
生化危机3：灭绝,2007-09-21,7.5,228864,"米拉·乔沃维奇,奥德·菲尔,伊恩·格雷","动作,科幻,恐怖","美国,法国,澳大利亚,德国,英国",1482911
异形：夺命舰,2024-08-16,7.5,213854,"卡莉·史派妮,戴维·荣松,阿奇·雷诺","科幻,惊悚,恐怖","美国,英国",35792500
小丑回魂,2017-08-29,7.5,207061,"比尔·斯卡斯加德,杰登·马泰尔,杰里米·雷·泰勒","剧情,恐怖","美国,加拿大",3604148
异度空间,2005-03-25,7.5,102323,"张国荣,林嘉欣,李子雄","剧情,恐怖",中国香港,1303184
死神来了2,2003-01-31,7.5,182493,"艾丽·拉特,A·J·库克,迈克尔·兰德斯","惊悚,恐怖","美国,加拿大",1307956
温暖的尸体,2013-02-01,7.5,140217,"尼古拉斯·霍尔特,泰莉莎·帕尔墨,约翰·马尔科维奇","喜剧,爱情,恐怖","美国,加拿大",6021916
生人勿进,2008-01-26,7.6,48854,"凯尔·赫德布朗特,莉娜·林德尔森,皮尔·拉格纳","剧情,爱情,恐怖",瑞典,2968813
活死人黎明,2004-03-19,7.5,115650,"莎拉·波利,文·瑞姆斯,杰克·韦伯","动作,科幻,恐怖","美国,加拿大,日本,法国",1309088
僵尸至尊,1991-01-01,7.6,23387,"林正英,钱小豪,黄子扬","喜剧,动作,恐怖",中国香港,3066798
双峰：与火同行,1992-06-03,8.0,13102,"雪莉·李,雷·怀斯,梅晨·阿米克","剧情,悬疑,惊悚,恐怖","法国,美国",1303472
世界奇妙物语 电影特别篇,2000-11-03,8.3,8599,"中井贵一,山本耕史,柏原崇","喜剧,奇幻,恐怖,爱情",日本,1305388
捉迷藏,2005-01-27,7.5,82529,"罗伯特·德尼罗,达科塔·范宁,法米克·詹森","悬疑,恐怖",美国,1308995
珀尔,2022-09-03,7.5,78808,"米娅·高斯,大卫·科伦斯韦,坦蒂·莱特",恐怖,"加拿大,新西兰,美国",35801819
马柔本宅秘事,2017-09-11,7.6,38597,"乔治·麦凯,安雅·泰勒-乔伊,查理·希顿","剧情,惊悚,恐怖","西班牙,美国",26961821
魔女嘉莉,1976-11-03,7.6,38372,"茜茜·斯派塞克,派珀·劳瑞,艾米·欧文","剧情,恐怖",美国,1292664
异教徒,1973-10-16,7.9,15189,"爱德华·伍德华德,克里斯托弗·李,黛安妮·赛琳托","悬疑,恐怖",英国,1305611
杀出个黎明,1996-01-19,7.5,67835,"乔治·克鲁尼,昆汀·塔伦蒂诺,哈威·凯特尔","动作,犯罪,恐怖",美国,1301409
异形：契约,2017-06-16,7.4,278792,"迈克尔·法斯宾德,凯瑟琳·沃特斯顿,比利·克鲁德普","科幻,恐怖",美国,11803087
鬼咬鬼,1990-02-09,7.6,17994,"洪金宝,林正英,孟海","动作,恐怖,喜剧",中国香港,1303944
寄生兽,2016-09-02,7.4,166190,"染谷将太,深津绘里,阿部隆史","剧情,动作,科幻,恐怖",日本,25774050
他人之颜,1966-07-16,8.4,7152,"仲代达矢,平干二朗,岸田今日子","剧情,科幻,恐怖",日本,1432779
蝙蝠,2009-04-30,7.5,43680,"宋康昊,金玉彬,金海淑","剧情,爱情,奇幻,恐怖","韩国,美国",1853768
杀手阿一,2001-09-14,7.5,40670,"浅野忠信,大森南朋,冢本晋也","剧情,喜剧,动作,犯罪,惊悚,恐怖",日本,1295629
迷宫物语,1987-09-25,8.1,9500,"吉田日出子,津嘉山正种,水岛裕","动画,冒险,奇幻,恐怖,科幻",日本,1457127
人吓人,1982-12-22,7.5,21751,"洪金宝,午马,林正英","动作,喜剧,奇幻,历史,恐怖",中国香港,1304021
美丽人生,2020-01-03,9.5,1392562,"罗伯托·贝尼尼,尼可莱塔·布拉斯基,乔治·坎塔里尼","剧情,喜剧,爱情,战争",意大利,1292063
鬼子来了,2000-05-12,9.3,664816,"姜文,香川照之,袁丁","剧情,喜剧",中国大陆,1291858
触不可及,2011-11-02,9.3,1194789,"弗朗索瓦·克鲁塞,奥玛·希,安娜·勒尼","剧情,喜剧",法国,6786002
摩登时代,1936-02-25,9.3,321765,"查理·卓别林,宝莲·高黛,亨利·伯格曼","剧情,喜剧,爱情",美国,1294371
大话西游之大圣娶亲,2014-10-24,9.2,1608593,"周星驰,吴孟达,朱茵","喜剧,爱情,奇幻,古装","中国香港,中国大陆",1292213
疯狂动物城,2016-03-04,9.2,2074212,"金妮弗·古德温,杰森·贝特曼,伊德瑞斯·艾尔巴","喜剧,动画,冒险",美国,25662329
三傻大闹宝莱坞,2011-12-08,9.2,1951597,"阿米尔·汗,卡琳娜·卡普尔,马达范","剧情,喜剧,爱情,歌舞",印度,3793023
城市之光,1931-01-30,9.3,158308,"查理·卓别林,弗吉尼亚·切瑞尔,佛罗伦斯·李","喜剧,剧情,爱情",美国,1293908
怦然心动,2010-07-26,9.1,1929280,"玛德琳·卡罗尔,卡兰·麦克奥利菲,瑞贝卡·德·莫妮","剧情,喜剧,爱情",美国,3319755
寻梦环游记,2017-11-24,9.1,1802771,"安东尼·冈萨雷斯,盖尔·加西亚·贝纳尔,本杰明·布拉特","喜剧,动画,奇幻,音乐",美国,20495023
飞屋环游记,2009-08-04,9.1,1401265,"爱德华·阿斯纳,克里斯托弗·普卢默,乔丹·长井","剧情,喜剧,动画,冒险",美国,2129039
罗马假日,1953-08-20,9.1,992999,"奥黛丽·赫本,格利高里·派克,埃迪·艾伯特","喜剧,剧情,爱情",美国,1293839
两杆大烟枪,1998-08-28,9.1,631384,"杰森·弗莱明,德克斯特·弗莱彻,尼克·莫兰","剧情,喜剧,犯罪",英国,1293350
我不是药神,2018-07-05,9.0,2214457,"徐峥,王传君,周一围","剧情,喜剧",中国大陆,26752088
让子弹飞,2010-12-16,9.0,1796074,"姜文,葛优,周润发","剧情,喜剧,动作,西部","中国大陆,中国香港",3742360
大话西游之月光宝盒,2014-10-24,9.0,1281408,"周星驰,吴孟达,罗家英","喜剧,爱情,奇幻,古装","中国香港,中国大陆",1299398
雨中曲,1952-04-11,9.1,245087,"吉恩·凯利,唐纳德·奥康纳,黛比·雷诺斯","喜剧,歌舞,爱情",美国,1293460
喜宴,1993-08-04,9.0,393023,"赵文瑄,归亚蕾,郎雄","剧情,喜剧,爱情,同性,家庭","中国台湾,美国",1303037
玛丽和马克思,2009-01-15,9.0,437293,"托妮·科莱特,菲利普·塞默·霍夫曼,巴瑞·哈姆弗莱斯","剧情,喜剧,动画","澳大利亚,美国",3072124
绿皮书,2019-03-01,8.9,1754119,"维果·莫腾森,马赫沙拉·阿里,琳达·卡德里尼","剧情,喜剧,传记,音乐","美国,中国大陆",27060077
东京教父,2003-11-08,9.0,257163,"江守彻,梅垣义明,冈本绫","剧情,喜剧,动画",日本,1310177
布达佩斯大饭店,2014-02-06,8.9,1006581,"拉尔夫·费因斯,托尼·雷沃罗利,阿德里安·布罗迪","剧情,喜剧,冒险","美国,德国,英国",11525673
低俗小说,1994-05-12,8.9,890620,"约翰·特拉沃尔塔,乌玛·瑟曼,阿曼达·普拉莫","剧情,喜剧,犯罪",美国,1291832
大独裁者,1940-10-15,9.2,85921,"查理·卓别林,宝莲·高黛,杰克·奥克","喜剧,剧情,战争",美国,1295646
菊次郎的夏天,2020-09-25,8.9,632891,"北野武,关口雄介,岸本加世子","剧情,喜剧",日本,1293359
7号房的礼物,2013-01-23,8.9,587164,"柳承龙,朴信惠,郑镇荣","剧情,喜剧,家庭",韩国,10777687
玩具总动员3,2010-06-16,8.9,552250,"汤姆·汉克斯,蒂姆·艾伦,琼·库萨克","喜剧,动画,奇幻,冒险",美国,1858711
老友记重聚特辑,2021-05-27,9.2,76503,"詹妮弗·安妮斯顿,柯特妮·考克斯,马修·派瑞","喜剧,爱情",美国,34908189
与玛格丽特的午后,2010-06-02,9.1,98587,"热拉尔·德帕迪约,吉赛勒·卡扎德絮,帕特里克·伯利奇",喜剧,法国,3796613
虎口脱险,1966-12-08,8.9,274834,"路易·德·菲奈斯,布尔维尔,克劳迪奥·布鲁克","喜剧,战争","法国,英国",1296909
功夫,2004-12-23,8.8,1223029,"周星驰,元秋,元华","动作,喜剧,犯罪,奇幻","中国大陆,中国香港",1291543
喜剧之王,1999-02-13,8.8,1022893,"周星驰,张柏芝,莫文蔚","喜剧,剧情,爱情",中国香港,1302425
超能陆战队,2015-02-28,8.8,1074950,"斯科特·安第斯,瑞恩·波特,丹尼尔·海尼","喜剧,动作,科幻,动画,冒险",美国,11026735
纵横四海,1991-02-02,8.8,449369,"周润发,张国荣,钟楚红","剧情,喜剧,动作,犯罪",中国香港,1295409
时空恋旅人,2013-09-04,8.8,726567,"多姆纳尔·格里森,瑞秋·麦克亚当斯,比尔·奈伊","喜剧,爱情,奇幻","英国,美国",10577869
怪兽电力公司,2001-11-02,8.8,718553,"约翰·古德曼,比利·克里斯托,玛丽·吉布斯","儿童,喜剧,动画,奇幻,冒险",美国,1291579
头脑特工队,2015-10-06,8.8,706369,"艾米·波勒,菲利丝·史密斯,理查德·坎德","喜剧,动画,冒险",美国,10533913
阳光姐妹淘,2011-05-04,8.8,610971,"沈恩敬,闵孝琳,姜素拉","剧情,喜剧",韩国,4917726
淘金记,1925-06-26,9.2,63273,"查理·卓别林,马克·斯旺,汤姆·默里","喜剧,爱情,西部,冒险",美国,1298817
幸福终点站,2005-01-14,8.8,604042,"汤姆·汉克斯,凯瑟琳·泽塔-琼斯,斯坦利·图齐","喜剧,剧情,爱情",美国,1292274
荒蛮故事,2014-05-17,8.8,468343,"达里奥·格兰迪内蒂,玛丽娅·玛努尔,莫妮卡·比利亚","剧情,喜剧,犯罪","阿根廷,西班牙",24750126
芝加哥,2002-12-27,8.9,171452,"泰雅·迪格斯,凯瑟琳·泽塔-琼斯,蕾妮·齐薇格","喜剧,歌舞,犯罪","美国,德国",1307697
唐伯虎点秋香,1993-07-01,8.7,1144638,"周星驰,巩俐,陈百祥","喜剧,爱情,古装",中国香港,1306249
九品芝麻官,1994-03-31,8.7,731939,"周星驰,吴孟达,张敏","剧情,喜剧,古装","中国香港,中国大陆",1297518
回到未来,1985-07-03,8.8,228689,"迈克尔·J·福克斯,克里斯托弗·洛伊德,莉·汤普森","喜剧,科幻,冒险",美国,1300555
你逃我也逃,1942-03-06,9.2,53279,"卡洛·朗白,杰克·本尼,罗伯特·斯塔克","喜剧,爱情,战争",美国,1303418
射雕英雄传之东成西就,1993-02-05,8.7,674884,"梁朝伟,林青霞,张国荣","喜剧,奇幻,武侠,古装",中国香港,1316510
神偷奶爸,2010-06-20,8.7,994234,"史蒂夫·卡瑞尔,杰森·席格尔,拉塞尔·布兰德","喜剧,动画,冒险","美国,法国",3287562
天使爱美丽,2001-04-25,8.7,984891,"奥黛丽·塔图,马修·卡索维茨,吕菲斯","剧情,喜剧,爱情","法国,德国",1292215
大佛普拉斯,2017-06-29,8.7,507146,"庄益增,陈竹升,戴立忍","剧情,喜剧",中国台湾,27059130
疯狂原始人,2013-04-20,8.7,877726,"尼古拉斯·凯奇,艾玛·斯通,瑞安·雷诺兹","喜剧,动画,冒险",美国,1907966
无敌破坏王,2012-11-06,8.7,574641,"约翰·C·赖利,萨拉·西尔弗曼,杰克·麦克布瑞尔","喜剧,动画,奇幻,冒险",美国,6534248
遗愿清单,2007-12-25,8.7,496513,"杰克·尼科尔森,摩根·弗里曼,西恩·海耶斯","冒险,喜剧,剧情",美国,1867345
奇爱博士,1964-01-29,8.9,107606,"彼得·塞勒斯,乔治·C·斯科特,斯特林·海登","剧情,喜剧,战争","美国,英国",1322848
寻子遇仙记,1921-02-06,9.2,47624,"查理·卓别林,卡尔米勒,艾德娜·珀薇安丝","剧情,喜剧,家庭",美国,1293270
坠入,2006-09-09,8.8,136571,"凯婷卡·安塔鲁,贾斯蒂恩·瓦戴尔,李·佩斯","剧情,喜剧,奇幻,冒险","美国,南非,印度",1890572
疯狂的石头,2006-06-30,8.6,871062,"郭涛,刘桦,连晋","喜剧,犯罪","中国大陆,中国香港",1862151
谁先爱上他的,2018-04-22,8.6,415661,"邱泽,谢盈萱,陈如山","剧情,喜剧,同性",中国台湾,27119586
冰川时代,2002-03-15,8.6,649017,"雷·罗马诺,约翰·雷吉扎莫,丹尼斯·利瑞","喜剧,动画,冒险",美国,1291578
白日梦想家,2013-12-25,8.6,559143,"本·斯蒂勒,克里斯汀·韦格,亚当·斯科特","剧情,喜剧,冒险","美国,英国",2133323
我能说,2017-09-21,8.8,108479,"罗文姬,李帝勋,廉惠兰","剧情,喜剧",韩国,27000061
再次出发之纽约遇见你,2015-06-26,8.6,447728,"凯拉·奈特莉,马克·鲁弗洛,亚当·莱文","喜剧,爱情,音乐",美国,6874403
热情如火,1959-03-29,8.9,73670,"玛丽莲·梦露,托尼·柯蒂斯,杰克·莱蒙",喜剧,美国,1292574
美食总动员,2007-10-19,8.6,401828,"帕顿·奥斯瓦尔特,伊安·霍姆,卢·罗曼诺","喜剧,动画,奇幻",美国,1793491
玩具总动员,1995-11-22,8.6,395908,"汤姆·汉克斯,蒂姆·艾伦,唐·里克斯","喜剧,动画,家庭",美国,1291575
麦兜故事,2001-12-15,8.6,189373,"林海峰,吴君如,黄秋生","剧情,喜剧,动画",中国香港,1302476
上帝也疯狂,1980-09-10,8.7,143472,"马瑞斯·威尔斯,历苏,Sandra Prinsloo",喜剧,"南非,博茨瓦纳",1297478
熊出没之过年,2013-02-08,8.8,51456,"张秉君,张伟,辛媛","剧情,儿童,喜剧,动画,冒险,家庭",中国大陆,21359690
福尔摩斯二世,1924-04-21,9.4,29834,"巴斯特·基顿,凯瑟琳·麦奎尔,乔·基顿","喜剧,动作,爱情",美国,1303408
再见列宁,2003-02-09,8.8,90052,"丹尼尔·布鲁赫,卡特琳·萨斯,丘尔潘·哈马托娃","剧情,喜剧",德国,1292055
红猪,2023-11-17,8.6,272843,"森山周一郎,加藤登纪子,冈村明美","喜剧,动画,冒险",日本,1291838
面子,2004-09-12,8.8,87195,"杨雅慧,陈冲,陈凌","剧情,喜剧,爱情,同性",美国,1421278
海盗电台,2009-04-01,8.6,239605,"比尔·奈伊,肯尼思·布拉纳,菲利普·塞默·霍夫曼","剧情,喜剧,音乐","英国,德国,法国",3007773
土拨鼠之日,1993-02-12,8.6,224467,"比尔·默瑞,安迪·麦克道威尔,克里斯·艾略特","剧情,喜剧,爱情,奇幻",美国,1300613
初恋这件小事,2012-06-05,8.5,1012539,"平采娜·乐维瑟派布恩,马里奥·毛瑞尔,苏达拉·布查蓬","剧情,喜剧,爱情",泰国,4739952
了不起的狐狸爸爸,2009-10-14,8.6,206937,"乔治·克鲁尼,梅丽尔·斯特里普,詹森·舒瓦兹曼","喜剧,动画,冒险",美国,1759386
开心家族,2011-11-29,8.6,205327,"车太贤,高昌锡,张荣男","剧情,喜剧,家庭",韩国,6019180
真爱至上,2003-09-07,8.5,767929,"休·格兰特,连姆·尼森,科林·费尔斯","喜剧,剧情,爱情","英国,美国,法国",1292401
冰雪奇缘,2014-02-05,8.5,742829,"克里斯汀·贝尔,伊迪娜·门泽尔,乔纳森·格罗夫","喜剧,动画,奇幻,歌舞",美国,4202982
钢的琴,2011-07-15,8.5,394539,"王千源,秦海璐,张申英","剧情,喜剧",中国大陆,4876722
热天午后,1975-09-21,8.7,106767,"阿尔·帕西诺,约翰·凯泽尔,查尔斯·德恩","剧情,喜剧,犯罪",美国,1293374
家有喜事,1992-01-25,8.5,300627,"张国荣,周星驰,张曼玉","剧情,喜剧,爱情,家庭",中国香港,1300064
完美陌生人,2018-05-25,8.5,529470,"马可·贾利尼,卡夏·斯穆特尼亚克,爱德华多·莱奥","剧情,喜剧",意大利,26614893
三毛从军记,1992,8.6,97179,"贾林,魏宗万,孙飞虎","剧情,儿童,喜剧,战争",中国大陆,2132220
赌神,1989-12-14,8.5,278584,"周润发,刘德华,王祖贤","喜剧,剧情",中国香港,1300883
亚当斯一家的价值观,1993-11-19,8.8,74934,"克里斯蒂娜·里奇,琼·库萨克,劳尔·胡里亚","喜剧,家庭,奇幻,惊悚",美国,1299900
蜘蛛侠：纵横宇宙,2023-06-02,8.5,458917,"沙梅克·摩尔,海莉·斯坦菲尔德,奥斯卡·伊萨克","喜剧,动作,科幻,动画,奇幻,冒险",美国,30391186
有话好好说,1997-05-16,8.5,252026,"姜文,李保田,瞿颖","剧情,喜剧",中国大陆,1296436
海底总动员,2003-07-30,8.5,408647,"艾伯特·布鲁克斯,艾伦·德杰尼勒斯,亚历山大·古尔德","喜剧,动画,冒险","美国,澳大利亚",1291586
落叶归根,2007-01-19,8.5,223638,"赵本山,郭德纲,洪启文","剧情,喜剧","中国大陆,中国香港",1853621
麻将,1996-12-07,8.7,54647,"柯宇纶,张震,唐从圣","喜剧,剧情",中国台湾,1297418
玩具总动员4,2019-06-21,8.5,352420,"汤姆·汉克斯,蒂姆·艾伦,安妮·波茨","喜剧,动画,奇幻",美国,6850547
麦兜·我和我妈妈,2014-10-01,8.6,81558,"黄磊,吴君如,张正中","喜剧,动画,家庭","中国香港,中国大陆",25884416
黑炮事件,1986,8.7,51687,"刘子枫,盖尔哈德·奥尔谢夫斯基,高明","剧情,喜剧",中国大陆,1434269
疯狂约会美丽都,2003-06-11,8.7,90942,"比阿特丽斯·博尼法西,莉娜·布德罗,米歇尔·库谢图","喜剧,动画","法国,比利时,加拿大,英国,拉脱维亚",1291565
巴黎淘气帮,2013-02-10,8.6,134333,"马克西姆·戈达尔,瓦莱丽·勒梅西埃,凯德·麦拉德","儿童,喜剧,家庭","法国,比利时",3157605
玩具总动员2,1999-11-24,8.5,265641,"汤姆·汉克斯,蒂姆·艾伦,琼·库萨克","喜剧,动画,奇幻,冒险",美国,1291574
哪吒之魔童降世,2019-07-26,8.4,1873668,"吕艳婷,囧森瑟夫,瀚墨","剧情,喜剧,动画,奇幻",中国大陆,26794435
一夜风流,1934-02-22,8.8,63458,"克拉克·盖博,克劳黛·考尔白,沃尔特·康诺利","喜剧,爱情",美国,1295684
安妮·霍尔,1977-04-20,8.6,122012,"伍迪·艾伦,黛安·基顿,托尼·罗伯茨","喜剧,剧情,爱情",美国,1296987
千与千寻,2019-06-21,9.4,2365927,"柊瑠美,入野自由,夏木真理","剧情,动画,奇幻",日本,1291561
大闹天宫,1961,9.4,469438,"邱岳峰,富润生,毕克","剧情,动画,奇幻,古装",中国大陆,1418019
机器人总动员,2008-06-27,9.3,1388574,"本·贝尔特,艾丽莎·奈特,杰夫·格尔林","科幻,动画,冒险",美国,2131459
进击的巨人 最终季 完结篇 前篇,2023-03-04,9.5,87665,"梶裕贵,石川由依,井上麻里奈","动作,动画,奇幻",日本,35853587
疯狂动物城,2016-03-04,9.2,2074212,"金妮弗·古德温,杰森·贝特曼,伊德瑞斯·艾尔巴","喜剧,动画,冒险",美国,25662329
龙猫,2018-12-14,9.2,1331992,"日高范子,坂本千夏,糸井重里","动画,奇幻,冒险",日本,1291560
天空之城,1992-05-01,9.2,940013,"田中真弓,横泽启子,初井言荣","动画,奇幻,冒险",日本,1291583
天书奇谭,2021-11-05,9.2,297258,"丁建华,毕克,苏秀","动画,奇幻",中国大陆,1428581
哪吒闹海,1979-05-19,9.2,276649,"梁正晖,邱岳峰,毕克","冒险,动画,奇幻",中国大陆,1307315
寻梦环游记,2017-11-24,9.1,1802771,"安东尼·冈萨雷斯,盖尔·加西亚·贝纳尔,本杰明·布拉特","喜剧,动画,奇幻,音乐",美国,20495023
飞屋环游记,2009-08-04,9.1,1401265,"爱德华·阿斯纳,克里斯托弗·普卢默,乔丹·长井","剧情,喜剧,动画,冒险",美国,2129039
哈尔的移动城堡,2024-04-30,9.1,1166109,"倍赏千惠子,木村拓哉,美轮明宏","爱情,动画,奇幻,冒险",日本,1308807
狮子王,1995-07-15,9.1,896848,"乔纳森·泰勒·托马斯,马修·布罗德里克,杰瑞米·艾恩斯","动画,冒险,歌舞",美国,1301753
红辣椒,2006-09-02,9.1,513392,"林原惠美,江守彻,堀胜之祐","动画,悬疑,科幻,惊悚",日本,1865703
未麻的部屋,1997-08-05,9.1,380536,"岩男润子,松本梨香,辻亲八","剧情,犯罪,动画,悬疑,惊悚",日本,1395091
进击的巨人 最终季 完结篇 后篇,2023-11-04,9.3,84848,"梶裕贵,石川由依,井上麻里奈","动作,动画,奇幻",日本,36283000
玛丽和马克思,2009-01-15,9.0,437293,"托妮·科莱特,菲利普·塞默·霍夫曼,巴瑞·哈姆弗莱斯","剧情,喜剧,动画","澳大利亚,美国",3072124
攻壳机动队,1995-11-18,9.1,151498,"田中敦子,大塚明夫,山寺宏一","动作,科幻,动画",日本,1291936
东京教父,2003-11-08,9.0,257163,"江守彻,梅垣义明,冈本绫","剧情,喜剧,动画",日本,1310177
机器人之梦,2024-06-08,9.0,194003,"伊万·拉班达,阿尔伯特·特里佛·塞加拉,拉法·卡尔沃","剧情,动画,音乐","西班牙,法国",35426925
借东西的小人阿莉埃蒂,2010-07-17,8.9,588830,"志田未来,神木隆之介,树木希林","动画,奇幻,冒险",日本,4202302
幽灵公主,1997-07-12,8.9,557257,"松田洋治,石田百合子,田中裕子","动画,奇幻,冒险",日本,1297359
玩具总动员3,2010-06-16,8.9,552250,"汤姆·汉克斯,蒂姆·艾伦,琼·库萨克","喜剧,动画,奇幻,冒险",美国,1858711
侧耳倾听,1995-07-15,8.9,492037,"本名阳子,小林桂树,高山南","剧情,爱情,动画",日本,1297052
风之谷,1984-03-11,8.9,373478,"岛本须美,松田洋治,榊原良子","动画,奇幻,冒险",日本,1291585
你看起来好像很好吃,2010-10-16,8.9,351662,"山口胜平,爱河里花子,加藤清史郎","剧情,动画,儿童",日本,4848115
灌篮高手,2023-04-20,8.9,313323,"仲村宗悟,笠间淳,木村昴","动画,运动",日本,35315950
攻壳机动队2：无罪,2004-03-06,9.1,73255,"田中敦子,大塚明夫,山寺宏一","剧情,科幻,动画",日本,1291566
超能陆战队,2015-02-28,8.8,1074950,"斯科特·安第斯,瑞恩·波特,丹尼尔·海尼","喜剧,动作,科幻,动画,冒险",美国,11026735
驯龙高手,2010-05-14,8.8,800054,"杰伊·巴鲁切尔,杰拉德·巴特勒,克雷格·费格森","动画,奇幻,冒险",美国,2353023
怪兽电力公司,2001-11-02,8.8,718553,"约翰·古德曼,比利·克里斯托,玛丽·吉布斯","儿童,喜剧,动画,奇幻,冒险",美国,1291579
头脑特工队,2015-10-06,8.8,706369,"艾米·波勒,菲利丝·史密斯,理查德·坎德","喜剧,动画,冒险",美国,10533913
萤火之森,2011-09-17,8.8,572898,"佐仓绫音,内山昂辉,辻亲八","剧情,爱情,动画,奇幻",日本,5989818
同级生,2016-02-20,9.1,59784,"野岛健儿,神谷浩史,石川英郎","爱情,动画,同性",日本,26344688
千年女优,2001-07-28,8.8,292284,"庄司美代子,小山茉美,折笠富美子","动画,剧情,爱情",日本,1307394
葫芦兄弟,2008-05-27,8.9,65262,"黄笑嬿,詹佳,冯骏骅",动画,中国大陆,3062897
伦敦一家人,2016-10-15,8.9,105525,"卢克·崔德威,吉姆·布劳德本特,布兰达·布莱斯","剧情,动画,家庭",英国,5327189
心灵奇旅,2020-12-25,8.7,1052662,"杰米·福克斯,蒂娜·菲,菲利西亚·拉斯海德","动画,奇幻,音乐",美国,24733428
神偷奶爸,2010-06-20,8.7,994234,"史蒂夫·卡瑞尔,杰森·席格尔,拉塞尔·布兰德","喜剧,动画,冒险","美国,法国",3287562
疯狂原始人,2013-04-20,8.7,877726,"尼古拉斯·凯奇,艾玛·斯通,瑞安·雷诺兹","喜剧,动画,冒险",美国,1907966
海洋之歌,2016-08-12,8.8,174749,"大卫·罗尔,布莱丹·格里森,丽莎·汉尼根","动画,奇幻,冒险","爱尔兰,丹麦,比利时,卢森堡,法国",11584019
无敌破坏王,2012-11-06,8.7,574641,"约翰·C·赖利,萨拉·西尔弗曼,杰克·麦克布瑞尔","喜剧,动画,奇幻,冒险",美国,6534248
魔女宅急便,1989-07-29,8.7,490998,"高山南,佐久间玲,户田惠子","动画,奇幻,冒险",日本,1307811
萤火虫之墓,1988-04-16,8.7,420683,"山口朱美,志乃原良子,白石绫乃","动画,剧情,战争",日本,1293318
艾特熊和赛娜鼠,2012-05-23,9.0,57674,"朗贝尔·维尔森,波利娜·布伦纳,安妮-玛丽·卢珀",动画,"法国,比利时,卢森堡",6518638
狐妖小红娘剧场版：月红篇,2016-06-24,9.3,17584,"杨天翔,刘校妤,张杰","爱情,动画,奇幻",中国大陆,26972694
回忆三部曲,1995-12-23,8.9,68689,"矶部勉,山寺宏一,高岛雅罗","动画,奇幻,科幻,惊悚",日本,1307897
蜘蛛侠：平行宇宙,2018-12-21,8.6,710433,"沙梅克·摩尔,杰克·约翰逊,海莉·斯坦菲尔德","动作,科幻,动画,冒险",美国,26374197
冰川时代,2002-03-15,8.6,649017,"雷·罗马诺,约翰·雷吉扎莫,丹尼斯·利瑞","喜剧,动画,冒险",美国,1291578
熊出没之过年,2013-02-08,8.8,51456,"张秉君,张伟,辛媛","剧情,儿童,喜剧,动画,冒险,家庭",中国大陆,21359690
崖上的波妞,2020-12-31,8.6,534274,"神月柚莉爱,土井洋辉,山口智子","动画,奇幻,冒险",日本,1959877
美食总动员,2007-10-19,8.6,401828,"帕顿·奥斯瓦尔特,伊安·霍姆,卢·罗曼诺","喜剧,动画,奇幻",美国,1793491
玩具总动员,1995-11-22,8.6,395908,"汤姆·汉克斯,蒂姆·艾伦,唐·里克斯","喜剧,动画,家庭",美国,1291575
穿越时空的少女,2006-07-15,8.6,391388,"仲里依纱,石田卓也,板仓光隆","剧情,爱情,科幻,动画",日本,1937946
麦兜故事,2001-12-15,8.6,189373,"林海峰,吴君如,黄秋生","剧情,喜剧,动画",中国香港,1302476
神兵小将,2009-10-01,8.9,32997,"杨青倩,谢楠,常索妮","动画,奇幻",中国大陆,3012377
我在伊朗长大,2007-05-23,8.7,130768,"齐雅拉·马斯楚安尼,达尼埃尔·达里约,凯瑟琳·德纳芙","剧情,传记,动画","法国,美国",1962116
红猪,2023-11-17,8.6,272843,"森山周一郎,加藤登纪子,冈村明美","喜剧,动画,冒险",日本,1291838
狐妖小红娘剧场版：王权富贵,2016-05-20,9.2,17288,"杨天翔,刘校妤,乔诗语","剧情,喜剧,爱情,动画",中国大陆,26946612
了不起的狐狸爸爸,2009-10-14,8.6,206937,"乔治·克鲁尼,梅丽尔·斯特里普,詹森·舒瓦兹曼","喜剧,动画,冒险",美国,1759386
你的名字。,2016-12-02,8.5,1500332,"神木隆之介,上白石萌音,长泽雅美","剧情,爱情,动画",日本,26683290
冰雪奇缘,2014-02-05,8.5,742829,"克里斯汀·贝尔,伊迪娜·门泽尔,乔纳森·格罗夫","喜剧,动画,奇幻,歌舞",美国,4202982
疯狂约会美丽都,2003-06-11,8.7,90942,"比阿特丽斯·博尼法西,莉娜·布德罗,米歇尔·库谢图","喜剧,动画","法国,比利时,加拿大,英国,拉脱维亚",1291565
岁月的童话,1991-07-20,8.6,149497,"今井美树,柳叶敏郎,本名阳子","剧情,爱情,动画",日本,1291588
麦兜·我和我妈妈,2014-10-01,8.6,81558,"黄磊,吴君如,张正中","喜剧,动画,家庭","中国香港,中国大陆",25884416
蜘蛛侠：纵横宇宙,2023-06-02,8.5,458917,"沙梅克·摩尔,海莉·斯坦菲尔德,奥斯卡·伊萨克","喜剧,动作,科幻,动画,奇幻,冒险",美国,30391186
海底总动员,2003-07-30,8.5,408647,"艾伯特·布鲁克斯,艾伦·德杰尼勒斯,亚历山大·古尔德","喜剧,动画,冒险","美国,澳大利亚",1291586
宝莲灯,1999-07-30,8.5,218861,"姜文,徐帆,宁静","动画,奇幻,冒险",中国大陆,1299643
克劳斯：圣诞节的秘密,2019-11-08,8.8,59848,"J·K·西蒙斯,詹森·舒瓦兹曼,拉什达·琼斯","喜剧,动画,冒险","西班牙,英国,美国",26858510
狼的孩子雨和雪,2012-07-21,8.6,137226,"宫崎葵,大泽隆夫,黑木华","剧情,动画,奇幻,家庭",日本,7064681
河童之夏,2007-07-28,8.7,82443,"富泽风斗,横川贵大,田中直树","喜剧,动画,奇幻",日本,2982823
玩具总动员4,2019-06-21,8.5,352420,"汤姆·汉克斯,蒂姆·艾伦,安妮·波茨","喜剧,动画,奇幻",美国,6850547
玩具总动员2,1999-11-24,8.5,265641,"汤姆·汉克斯,蒂姆·艾伦,琼·库萨克","喜剧,动画,奇幻,冒险",美国,1291574
我的邻居山田君,1999-07-17,8.8,55314,"朝丘雪路,益冈彻,矢野显子","动画,喜剧,家庭",日本,1417728
金猴降妖,1985,9.2,14849,"李扬,谈鹏飞,洪融","剧情,动画,奇幻",中国大陆,1780256
至爱梵高·星空之谜,2017-12-08,8.5,235590,"道格拉斯·布斯,罗伯特·古拉奇克,埃莉诺·汤姆林森","剧情,传记,动画","英国,波兰",25837262
魁拔Ⅲ战神崛起,2014-10-01,8.6,58415,"刘婧荦,姚姝,王宇腾","动作,动画,奇幻,冒险",中国大陆,24723061
麦兜·当当伴我心,2012-07-10,8.5,116332,"黄秋生,吴君如,胡歌","喜剧,动画","中国大陆,中国香港",10772258
美女与野兽,1991-09-29,8.5,199290,"佩吉·奥哈拉,罗比·本森,理查德·怀特","喜剧,爱情,动画,歌舞,奇幻",美国,1297995
哪吒之魔童降世,2019-07-26,8.4,1873668,"吕艳婷,囧森瑟夫,瀚墨","剧情,喜剧,动画,奇幻",中国大陆,26794435
百变狸猫,1994-07-16,8.6,100319,"古今亭朝太時代,三木纪平,清川虹子","动画,喜剧,剧情,奇幻",日本,1303907
黑客帝国动画版,2003-06-03,8.8,50165,"大塚明夫,克莱顿·华生,帕梅拉·阿德龙","动作,剧情,动画,科幻","美国,日本",1292347
魔术师,2010-06-16,8.6,83578,弗雷德里克·德萨,"剧情,动画","法国,英国",1921583
小王子,2015-10-16,8.4,338619,"杰夫·布里吉斯,麦肯吉·弗依,瑞秋·麦克亚当斯","动画,奇幻",法国,20645098
心理游戏,2004-08-07,8.8,44810,"今田耕司,藤井隆,山口智充","动画,冒险,喜剧,悬疑",日本,1477916
星际宝贝,2002-06-16,8.6,76066,"黛维·切斯,克里斯·桑德斯,蒂亚·卡雷尔","喜剧,科幻,动画,冒险,家庭",美国,1307547
小美人鱼,1989-11-17,8.5,111305,"勒内·奥贝尔若努瓦,克里斯托弗·丹尼尔·巴恩斯,裘蒂·班森","爱情,动画,奇幻,歌舞",美国,1293120
头脑特工队2,2024-06-21,8.4,211592,"艾米·波勒,玛雅·霍克,肯辛顿·托尔曼","剧情,喜剧,动画,奇幻,冒险",美国,36090457
鬼妈妈,2009-02-06,8.4,205584,"达科塔·范宁,特丽·哈彻,珍妮弗·桑德斯","剧情,动画,奇幻,家庭",美国,1919245
迷墙,1982-05-22,8.7,51060,"鲍勃·吉尔道夫,Christine Hargreaves,詹姆斯·劳伦森","剧情,动画,奇幻",英国,1296157
辉夜姬物语,2013-11-23,8.5,94688,"朝仓亚纪,高良健吾,地井武男","动画,奇幻,古装",日本,4099231
西游记之大圣归来,2015-07-10,8.3,703970,"张磊,林子杰,吴文伦","剧情,动画,奇幻",中国大陆,26277313
长安三万里,2023-07-08,8.3,652028,"杨天翔,凌振赫,吴俊全","历史,动画",中国大陆,36035676
阿基拉,1988-07-16,8.5,93633,"岩田光央,佐佐木望,小山茉美","动作,科幻,动画",日本,1302770
邋遢大王奇遇记,2012-08-17,8.6,35352,"范楚绒,谢添天,罗玉婷","动画,儿童",中国大陆,11502154
雄狮少年,2021-12-17,8.3,513365,"大昕,大雄,郭皓","剧情,喜剧,动画",中国大陆,35144311
秒速5厘米,2007-03-03,8.3,598320,"水桥研二,近藤好美,花村怜美","动画,剧情,爱情",日本,2043546
熊出没之年货,2014-01-30,8.6,33627,"张秉君,万丹青,张伟",动画,中国大陆,25861610
白雪公主和七个小矮人,1937-12-21,8.4,133243,"阿德里亚娜·卡塞洛蒂,哈利·斯托克维尔,罗伊·阿特威尔","爱情,动画,奇幻,歌舞",美国,1297756
怪兽大学,2013-08-23,8.3,388549,"比利·克里斯托,约翰·古德曼,史蒂夫·布西密","喜剧,动画,冒险",美国,3789848
蒙古草原，天气晴,2006-06-03,9.7,57156,"普洁,关野吉晴",纪录片,日本,3765826
三十二,2014-03-30,9.5,78863,"韦绍兰,罗善学",纪录片,中国大陆,26236632
大法官金斯伯格,2018-01-21,9.5,87160,"鲁斯·巴德·金斯伯格,比尔·克林顿,奥林·G·哈奇","传记,纪录片",美国,27615467
海豚湾,2009-07-31,9.3,369166,"路易·西霍尤斯,瑞克·欧贝瑞,哈迪·琼斯",纪录片,美国,3442220
乡村里的中国,2013,9.4,23163,,纪录片,中国大陆,24867845
久石让在武道馆：与宫崎骏动画一同走过的25年,2008-08-05,9.7,14656,"久石让,大桥望美,高畑勋","纪录片,音乐",日本,4167113
亲爱的，不要跨过那条江,2014-11-27,9.3,65642,,"爱情,纪录片,家庭",韩国,25978207
我的章鱼老师,2020-09-07,9.3,50419,克雷格·福斯特,纪录片,南非,35185752
冲天,2015-12-11,9.4,16367,"金士杰,张艾嘉,蔡灿得",纪录片,中国台湾,26602234
地球之盐,2014-10-15,9.3,41433,"塞巴斯蒂昂·萨尔加多,维姆·文德斯,朱利安·诺里贝罗·萨尔加多","传记,纪录片","法国,意大利,巴西",10741871
坂本龙一：杰作,2024-05-31,9.4,26289,坂本龙一,"纪录片,音乐",日本,36491177
算命,2009,9.2,46855,"历百程,石珍珠,唐小雁",纪录片,中国大陆,4073872
人生七年9,2019-06-04,9.6,14568,,纪录片,英国,30322776
寻找小糖人,2012-01-19,9.2,63979,"西斯托·罗德里格兹,Steve Rowland,马利克·本德杰鲁","传记,纪录片,音乐","英国,芬兰,瑞典",7015798
家园,2009-06-05,9.2,51286,"扬·阿尔蒂斯-贝特朗,格伦·克洛斯,雅克·冈布兰",纪录片,法国,3018123
海洋,2011-08-12,9.1,157810,"皮尔斯·布鲁斯南,小佩德罗·阿门达里斯,雅克·贝汉",纪录片,"法国,瑞士,西班牙,美国,阿联酋,摩纳哥",3443389
人生七年2,1970-12-15,9.4,20537,Tony Walker,"传记,纪录片",英国,2123440
女人,2019-09-01,9.4,18996,"Norma Bastidas,加布里埃拉·梅尔古扎,Shantel Nasir",纪录片,法国,34679722
脸庞，村庄,2017-05-19,9.1,90656,"阿涅斯·瓦尔达,让·热内,让-吕克·戈达尔",纪录片,法国,26764928
旅行到宇宙边缘,2008-12-07,9.3,24306,"亚历克·鲍德温,西恩·帕特维",纪录片,"英国,美国",3595323
日本之耻,2018-06-28,9.2,36517,"伊藤诗织,安倍晋三",纪录片,英国,30263943
迁徙的鸟,2001-12-12,9.1,74599,"雅克·贝汉,菲利普·拉布罗",纪录片,"法国,德国,意大利,西班牙,瑞士",1292281
那天，大海,2018-04-12,9.3,23374,郑雨盛,纪录片,韩国,30163799
人生七年8,2012-05-14,9.4,17430,迈克尔·艾普特,纪录片,英国,10748226
人生七年3,1977-05-09,9.4,17326,,"传记,纪录片",英国,2283680
最大的小小农场,2018-09-01,9.3,22995,"约翰·切斯特,茉莉·切斯特,博登·切斯特",纪录片,美国,30330264
平衡,2000,9.5,7516,奇卡·扎巴多杰,"纪录片,西部",中国大陆,1958031
地球改变之年,2021-04-16,9.2,30837,大卫·爱登堡,纪录片,英国,35417202
天地玄黄,1992-09-15,9.1,52053,,纪录片,美国,1300551
冰血长津湖,2011-06-01,9.2,16350,,纪录片,中国大陆,6129689
穹顶之下,2015-02-28,9.0,85168,"柴静,左小祖咒,刘树勇",纪录片,中国大陆,26334244
火山挚恋,2023-08-18,9.0,129075,"卡蒂娅·克拉夫特,莫里斯·克拉夫特,米兰达·裘丽","传记,纪录片","美国,加拿大",35694766
含泪活着,2006-11-03,9.2,25358,"丁尚彪,陈忻星,丁晽","纪录片,家庭",日本,2342568
人生七年4,1984-11-20,9.4,14298,迈克尔·艾普特,"传记,纪录片",英国,1482936
摩登家庭：摩登式告别,2020-04-08,9.7,8696,"索菲娅·维加拉,艾德·奥尼尔,泰·布利尔","纪录片,同性",美国,35024535
登山家,2021-09-10,9.3,17004,"马克·安德烈·莱克莱尔,彼得·莫蒂默,亚历克斯·霍诺德",纪录片,美国,34994748
人生七年6,1998-07-21,9.5,11363,迈克尔·艾普特,"传记,纪录片",英国,1778459
微观世界,1996-09-06,9.1,32907,"雅克·贝汉,克里斯汀·斯科特·托马斯",纪录片,"法国,瑞士,意大利",1292285
攀登梅鲁峰,2015-01-23,9.2,21944,"金国威,康拉德·安克,雷纳·奥斯托克",纪录片,"美国,印度",26276373
我真正的天才女友,2018-12-06,9.3,16542,"盖娅·吉拉切,玛格丽塔·马祖可,伊利莎·德尔·吉尼欧",纪录片,意大利,30479900
人生七年7,2005-09-15,9.4,13312,"迈克尔·艾普特,Tony Walker",纪录片,英国,1847588
珍·古道尔的传奇一生,2023-10-17,9.1,28166,"珍·古道尔,雨果·凡·拉维克,雨果·埃里克·路易斯·凡·拉维克","传记,纪录片",美国,27115563
人生七年5,1991-09-08,9.4,12566,迈克尔·艾普特,"传记,纪录片",英国,1778460
哈利·波特系列的50个精彩瞬间,2011-07-27,9.1,28012,"罗彼·考特拉尼,丹尼尔·雷德克里夫,朱丽·沃特斯",纪录片,英国,6758119
抢救切尔诺贝利,2006,9.2,19530,"汉斯·布利克斯,米哈伊尔·谢尔盖耶维奇·戈尔巴乔夫",纪录片,美国,3057368
轮回,2011-09-16,9.1,27192,"邰丽华,Olivier De Sagazan",纪录片,美国,5208150
浮生一日,2011-07-24,8.9,102432,"辛迪·巴尔,海伦·乔治","剧情,纪录片","英国,美国",5387041
兰迪·波许教授的最后一课,2007-11-09,9.5,10152,兰迪·波许,纪录片,美国,4603382
我们都为比尔着盛装,2011-03-16,9.2,17894,"比尔·坎宁安,安娜·温图尔,迈克·高仕","纪录片,传记","美国,法国",4836985
1950他们正年轻,2021-09-03,8.9,42025,"任红举,周有春,马世勋",纪录片,中国大陆,35470753
阿涅斯论瓦尔达,2019-02-13,9.2,17208,"阿涅斯·瓦尔达,桑德里娜·博内尔,Nurit Aviv",纪录片,法国,30423539
泰国洞穴救援,2021-09-02,9.1,21930,"班查·杜里雅蓬特,阿帕科恩·尤孔卡尤,阿南·苏拉万",纪录片,美国,33413473
长江,1981-11-07,9.6,4628,佐田雅志,纪录片,"日本,中国大陆",25971044
犴达罕,2013-12-10,9.2,9104,,纪录片,中国大陆,25705675
蜂蜜之地,2019-01-28,9.0,31487,"哈蒂兹·穆拉托娃,纳齐夫·穆拉托娃,侯赛因·萨姆","剧情,纪录片",北马其顿,30391726
共犯者们,2017-08-17,9.3,13051,"崔承浩,朴槿惠,李明博",纪录片,韩国,27101775
四个春天,2019-01-04,8.8,178645,"陆运坤,李桂贤,陆庆伟","纪录片,家庭",中国大陆,27191492
车轮不息,2012,9.1,11081,,"剧情,纪录片,冒险,运动","美国,中国大陆,加拿大,尼泊尔,阿根廷",19955871
姑奶奶,2010-09-04,9.0,15669,樊其辉,"传记,纪录片,同性,音乐",中国大陆,5265182
徒手攀岩,2019-09-06,8.8,169738,"亚历克斯·霍诺德,汤米·考德威尔,金国威",纪录片,美国,30167509
持摄影机的人,1929-01-08,9.1,18705,米哈伊尔·考夫曼,纪录片,苏联,1293199
科比的缪斯,2015-02-21,9.2,14504,"科比·布莱恩特,凡妮莎·莱茵·布莱恩特,迈克尔·乔丹","传记,纪录片,运动",美国,26334993
囚,2017-02-12,9.1,10152,,纪录片,中国大陆,26961159
就是这样,2009-10-28,8.8,94031,"迈克尔·杰克逊,奥里安斯,肯尼·奥特加","纪录片,音乐",美国,3920977
不了神话 宫崎骏,2016-11-13,9.1,17778,"宫崎骏,铃木敏夫,坂本千夏",纪录片,日本,26914034
幼儿园,2004,8.8,49616,,纪录片,中国大陆,1761172
隐秘的爱,2020-04-29,9.1,17198,"特里·唐纳修,帕特·亨舍尔,戴安娜·波伦","纪录片,同性",美国,34968314
地球公民,2005-09-24,9.2,13604,华金·菲尼克斯,纪录片,美国,2328234
超音速,2016-10-02,9.5,8354,"利亚姆·加拉格尔,诺尔·加拉格,保罗·阿瑟斯","纪录片,音乐",英国,26707093
梦的背后,2018-11-12,8.9,18660,"娄烨,张家鲁,包轩鸣",纪录片,中国大陆,30346866
龙哥,2007,8.9,18516,周浩,纪录片,中国大陆,3724118
互联网之子,2014-01-20,9.1,16376,"亚伦·斯沃茨,蒂姆·伯纳斯-李,科利·多克托罗","传记,纪录片",美国,25785114
被遗忘的时光,2010-11-26,9.3,6060,陈嘉桦,纪录片,中国台湾,5355067
印度的女儿,2015-03-04,9.0,21246,"阿莎·德维,巴德里·辛格,穆克什·辛格","犯罪,纪录片","英国,印度",26336727
二十二,2017-08-14,8.7,302494,"韦绍兰,罗善学,毛银梅",纪录片,中国大陆,26430107
生门,2016-12-16,8.8,30737,"李家福,夏锦菊,陈小凤",纪录片,中国大陆,26836588
监守自盗,2010-05-16,8.8,52066,"马特·达蒙,保罗·沃尔克,多米尼克·斯特劳斯·卡恩","犯罪,纪录片",美国,4843480
摄氏零度·春光再现,2003-11-23,8.8,24554,"王家卫,梁朝伟,张国荣","纪录片,同性",中国香港,1401526
帝企鹅日记,2005-01-21,8.7,86426,"夏尔·贝尔林,罗曼娜·波琳热,儒勒·斯楚克",纪录片,法国,1369747
再见，我的新郎,2013-04-23,8.9,23420,"肖恩·比特尼·科恩,托马斯·李·布莱德格鲁姆,麦克拉·迈耶尔斯","纪录片,同性",美国,22559478
摇滚本事,2002-12-20,9.4,4596,"陈信宏,蔡升晏","纪录片,音乐",中国台湾,3737081
寻找薇薇安·迈尔,2013-09-09,8.8,34462,"约翰·马卢夫,玛丽·艾伦·马克,菲尔·多纳休",纪录片,美国,21356379
听风的歌,2007-10-05,9.1,13139,,"纪录片,音乐",冰岛,2240990
他们在岛屿写作：如歌的行板,2014-10-18,9.5,4028,"痖弦,阮义忠,蒋勋",纪录片,中国台湾,26235647
万物与虚无,2011-03-02,9.3,9203,吉姆·艾尔-哈利利,纪录片,英国,6872214
三个摩梭女子的故事,2001,9.3,5039,,纪录片,中国香港,20273843
福原爱：镜头下的四分之一个世纪,2017-02-10,9.2,10456,福原爱,"纪录片,运动",日本,26974345
他们已不再变老,2019-11-11,8.7,53614,,"历史,战争,纪录片","英国,新西兰",30242710
黎明墙,2017-11-18,9.3,8868,"约翰·布兰奇,汤米·考德威尔,凯文·乔根森","冒险,纪录片","奥地利,美国",30157353
金银潭实拍80天,2020-09-16,8.9,10940,,纪录片,中国大陆,35206308
美利坚女士,2020-01-23,8.7,49464,"泰勒·斯威夫特,乔·阿尔文,安德里亚·斯威夫特",纪录片,美国,34907421
乐士浮生录,1999-02-17,9.0,14797,"Octavio Calderon,Joachim Cooder,莱·库德","纪录片,音乐","德国,美国,英国,法国,古巴",1291857
人类,2015-09-12,8.9,19167,,纪录片,法国,26582012
监视资本主义：智能陷阱,2020-09-09,8.7,43084,"杰伦·拉尼尔,罗杰·麦克纳米,斯凯勒·吉桑多",纪录片,美国,34960008
寿司之神,2011-11-08,8.6,128002,"小野二郎,小野祯一",纪录片,美国,6146955
音乐人生,2009-04-03,8.9,9940,黄家正,纪录片,中国香港,3394878
冰山的阴影,2009-11-22,9.3,8406,"Aarno Mansikkamäki,Matti Seppänen",纪录片,芬兰,5157872
永远的车神,2011-06-03,9.2,9642,艾尔顿·塞纳,"纪录片,传记,运动",英国,3718778
好好拍电影,2020-10-23,8.8,13348,"许鞍华,徐克,侯孝贤",纪录片,中国香港,35158157
地球,2007-11-16,9.4,7304,"安君,詹姆斯·厄尔·琼斯,帕特里克·斯图尔特",纪录片,"英国,德国,美国",2264077
